Level,Code,Name,Scenario,Year,Population
Borough,REM23,Ahuntsic-Cartierville,Faible (D2025),2021,136216.28519940167
Borough,REM23,Ahuntsic-Cartierville,Faible (D2025),2022,137716.0019217799
Borough,REM23,Ahuntsic-Cartierville,Faible (D2025),2023,142820.68881629588
Borough,REM23,Ahuntsic-Cartierville,Faible (D2025),2024,149339.0368206908
Borough,REM23,Ahuntsic-Cartierville,Faible (D2025),2025,147704.21048368386
Borough,REM23,Ahuntsic-Cartierville,Faible (D2025),2026,143527.5577546486
Borough,REM23,Ahuntsic-Cartierville,Faible (D2025),2027,138166.8534937766
Borough,REM23,Ahuntsic-Cartierville,Faible (D2025),2028,133509.71719771813
Borough,REM23,Ahuntsic-Cartierville,Faible (D2025),2029,129698.7048632717
Borough,REM23,Ahuntsic-Cartierville,Faible (D2025),2030,127338.12494859465
Borough,REM23,Ahuntsic-Cartierville,Faible (D2025),2031,126081.37523206853
Borough,REM23,Ahuntsic-Cartierville,Faible (D2025),2032,124990.13479346254
Borough,REM23,Ahuntsic-Cartierville,Faible (D2025),2033,124061.7167938494
Borough,REM23,Ahuntsic-Cartierville,Faible (D2025),2034,123288.52131740622
Borough,REM23,Ahuntsic-Cartierville,Faible (D2025),2035,122689.35623662396
Borough,REM23,Ahuntsic-Cartierville,Faible (D2025),2036,122198.43238119764
Borough,REM23,Ahuntsic-Cartierville,Faible (D2025),2037,121693.38342969648
Borough,REM23,Ahuntsic-Cartierville,Faible (D2025),2038,121173.59524750857
Borough,REM23,Ahuntsic-Cartierville,Faible (D2025),2039,120639.0678346339
Borough,REM23,Ahuntsic-Cartierville,Faible (D2025),2040,120082.2012752496
Borough,REM23,Ahuntsic-Cartierville,Faible (D2025),2041,119515.12472794164
Borough,REM09,Anjou,Faible (D2025),2021,43524.27159719311
Borough,REM09,Anjou,Faible (D2025),2022,44003.46597434185
Borough,REM09,Anjou,Faible (D2025),2023,45634.53217534937
Borough,REM09,Anjou,Faible (D2025),2024,47717.295983604745
Borough,REM09,Anjou,Faible (D2025),2025,47194.930941848004
Borough,REM09,Anjou,Faible (D2025),2026,45860.393243366656
Borough,REM09,Anjou,Faible (D2025),2027,44147.52353868433
Borough,REM09,Anjou,Faible (D2025),2028,42659.460164190794
Borough,REM09,Anjou,Faible (D2025),2029,41441.75307680483
Borough,REM09,Anjou,Faible (D2025),2030,40687.492885500375
Borough,REM09,Anjou,Faible (D2025),2031,40285.93211828589
Borough,REM09,Anjou,Faible (D2025),2032,39937.25541521621
Borough,REM09,Anjou,Faible (D2025),2033,39640.6042687565
Borough,REM09,Anjou,Faible (D2025),2034,39393.55032902256
Borough,REM09,Anjou,Faible (D2025),2035,39202.103148758135
Borough,REM09,Anjou,Faible (D2025),2036,39045.241557753514
Borough,REM09,Anjou,Faible (D2025),2037,38883.86666999442
Borough,REM09,Anjou,Faible (D2025),2038,38717.78225518719
Borough,REM09,Anjou,Faible (D2025),2039,38546.98831333181
Borough,REM09,Anjou,Faible (D2025),2040,38369.056494544086
Borough,REM09,Anjou,Faible (D2025),2041,38187.86234712405
Borough,REM34,Côte-des-Neiges - Notre-Dame-de-Grâce,Faible (D2025),2021,171692.54727618326
Borough,REM34,Côte-des-Neiges - Notre-Dame-de-Grâce,Faible (D2025),2022,173582.8512430025
Borough,REM34,Côte-des-Neiges - Notre-Dame-de-Grâce,Faible (D2025),2023,180017.006268474
Borough,REM34,Côte-des-Neiges - Notre-Dame-de-Grâce,Faible (D2025),2024,188232.99726594472
Borough,REM34,Côte-des-Neiges - Notre-Dame-de-Grâce,Faible (D2025),2025,186172.3956444571
Borough,REM34,Côte-des-Neiges - Notre-Dame-de-Grâce,Faible (D2025),2026,180907.97263448912
Borough,REM34,Côte-des-Neiges - Notre-Dame-de-Grâce,Faible (D2025),2027,174151.1229054272
Borough,REM34,Côte-des-Neiges - Notre-Dame-de-Grâce,Faible (D2025),2028,168281.07886104475
Borough,REM34,Côte-des-Neiges - Notre-Dame-de-Grâce,Faible (D2025),2029,163477.52387902315
Borough,REM34,Côte-des-Neiges - Notre-Dame-de-Grâce,Faible (D2025),2030,160502.15292387924
Borough,REM34,Côte-des-Neiges - Notre-Dame-de-Grâce,Faible (D2025),2031,158918.09445536995
Borough,REM34,Côte-des-Neiges - Notre-Dame-de-Grâce,Faible (D2025),2032,157542.65061382944
Borough,REM34,Côte-des-Neiges - Notre-Dame-de-Grâce,Faible (D2025),2033,156372.43479817055
Borough,REM34,Côte-des-Neiges - Notre-Dame-de-Grâce,Faible (D2025),2034,155397.86776531822
Borough,REM34,Côte-des-Neiges - Notre-Dame-de-Grâce,Faible (D2025),2035,154642.6557228825
Borough,REM34,Côte-des-Neiges - Notre-Dame-de-Grâce,Faible (D2025),2036,154023.87532424362
Borough,REM34,Côte-des-Neiges - Notre-Dame-de-Grâce,Faible (D2025),2037,153387.29107988943
Borough,REM34,Côte-des-Neiges - Notre-Dame-de-Grâce,Faible (D2025),2038,152732.1289095714
Borough,REM34,Côte-des-Neiges - Notre-Dame-de-Grâce,Faible (D2025),2039,152058.38881328955
Borough,REM34,Côte-des-Neiges - Notre-Dame-de-Grâce,Faible (D2025),2040,151356.49154796876
Borough,REM34,Côte-des-Neiges - Notre-Dame-de-Grâce,Faible (D2025),2041,150641.7251985168
Borough,REM27,Lachine,Faible (D2025),2021,46729.98824583127
Borough,REM27,Lachine,Faible (D2025),2022,47244.476984870234
Borough,REM27,Lachine,Faible (D2025),2023,48995.67698441645
Borough,REM27,Lachine,Faible (D2025),2024,51231.84371867819
Borough,REM27,Lachine,Faible (D2025),2025,50671.004642788874
Borough,REM27,Lachine,Faible (D2025),2026,49238.17351948355
Borough,REM27,Lachine,Faible (D2025),2027,47399.144898689636
Borough,REM27,Lachine,Faible (D2025),2028,45801.48038996023
Borough,REM27,Lachine,Faible (D2025),2029,44494.08486575618
Borough,REM27,Lachine,Faible (D2025),2030,43684.270741808185
Borough,REM27,Lachine,Faible (D2025),2031,43253.13360284387
Borough,REM27,Lachine,Faible (D2025),2032,42878.775626521245
Borough,REM27,Lachine,Faible (D2025),2033,42560.275073187026
Borough,REM27,Lachine,Faible (D2025),2034,42295.024736393396
Borough,REM27,Lachine,Faible (D2025),2035,42089.47679371326
Borough,REM27,Lachine,Faible (D2025),2036,41921.06179135074
Borough,REM27,Lachine,Faible (D2025),2037,41747.801071953865
Borough,REM27,Lachine,Faible (D2025),2038,41569.483952173316
Borough,REM27,Lachine,Faible (D2025),2039,41386.110432009096
Borough,REM27,Lachine,Faible (D2025),2040,41195.07330501336
Borough,REM27,Lachine,Faible (D2025),2041,41000.53356733519
Borough,REM17,LaSalle,Faible (D2025),2021,82769.89281028548
Borough,REM17,LaSalle,Faible (D2025),2022,83681.17439585603
Borough,REM17,LaSalle,Faible (D2025),2023,86782.96495247452
Borough,REM17,LaSalle,Faible (D2025),2024,90743.74662284614
Borough,REM17,LaSalle,Faible (D2025),2025,89750.36759713411
Borough,REM17,LaSalle,Faible (D2025),2026,87212.48383248749
Borough,REM17,LaSalle,Faible (D2025),2027,83955.12795605544
Borough,REM17,LaSalle,Faible (D2025),2028,81125.28516990565
Borough,REM17,LaSalle,Faible (D2025),2029,78809.57760264193
Borough,REM17,LaSalle,Faible (D2025),2030,77375.20471380623
Borough,REM17,LaSalle,Faible (D2025),2031,76611.55858167195
Borough,REM17,LaSalle,Faible (D2025),2032,75948.481813711
Borough,REM17,LaSalle,Faible (D2025),2033,75384.3417903751
Borough,REM17,LaSalle,Faible (D2025),2034,74914.5205306563
Borough,REM17,LaSalle,Faible (D2025),2035,74550.44637139248
Borough,REM17,LaSalle,Faible (D2025),2036,74252.14345678745
Borough,REM17,LaSalle,Faible (D2025),2037,73945.25762798583
Borough,REM17,LaSalle,Faible (D2025),2038,73629.41571480513
Borough,REM17,LaSalle,Faible (D2025),2039,73304.61771724536
Borough,REM17,LaSalle,Faible (D2025),2040,72966.24565429856
Borough,REM17,LaSalle,Faible (D2025),2041,72621.66963706833
Borough,REM21,Le Plateau-Mont-Royal,Faible (D2025),2021,106501.25455018834
Borough,REM21,Le Plateau-Mont-Royal,Faible (D2025),2022,107673.81414663725
Borough,REM21,Le Plateau-Mont-Royal,Faible (D2025),2023,111664.93428000469
Borough,REM21,Le Plateau-Mont-Royal,Faible (D2025),2024,116761.33108047936
Borough,REM21,Le Plateau-Mont-Royal,Faible (D2025),2025,115483.13548435037
Borough,REM21,Le Plateau-Mont-Royal,Faible (D2025),2026,112217.60262378548
Borough,REM21,Le Plateau-Mont-Royal,Faible (D2025),2027,108026.31427511516
Borough,REM21,Le Plateau-Mont-Royal,Faible (D2025),2028,104385.11339068798
Borough,REM21,Le Plateau-Mont-Royal,Faible (D2025),2029,101405.45795425732
Borough,REM21,Le Plateau-Mont-Royal,Faible (D2025),2030,99559.82898257408
Borough,REM21,Le Plateau-Mont-Royal,Faible (D2025),2031,98577.23412418623
Borough,REM21,Le Plateau-Mont-Royal,Faible (D2025),2032,97724.04336540648
Borough,REM21,Le Plateau-Mont-Royal,Faible (D2025),2033,96998.1559903321
Borough,REM21,Le Plateau-Mont-Royal,Faible (D2025),2034,96393.6299739811
Borough,REM21,Le Plateau-Mont-Royal,Faible (D2025),2035,95925.17032767255
Borough,REM21,Le Plateau-Mont-Royal,Faible (D2025),2036,95541.3395220168
Borough,REM21,Le Plateau-Mont-Royal,Faible (D2025),2037,95146.46495275814
Borough,REM21,Le Plateau-Mont-Royal,Faible (D2025),2038,94740.06645626163
Borough,REM21,Le Plateau-Mont-Royal,Faible (D2025),2039,94322.14403252731
Borough,REM21,Le Plateau-Mont-Royal,Faible (D2025),2040,93886.75565657316
Borough,REM21,Le Plateau-Mont-Royal,Faible (D2025),2041,93443.38456018864
Borough,REM20,Le Sud-Ouest,Faible (D2025),2021,85102.97010747333
Borough,REM20,Le Sud-Ouest,Faible (D2025),2022,86039.93845312599
Borough,REM20,Le Sud-Ouest,Faible (D2025),2023,89229.16076642035
Borough,REM20,Le Sud-Ouest,Faible (D2025),2024,93301.58701527951
Borough,REM20,Le Sud-Ouest,Faible (D2025),2025,92280.20710695545
Borough,REM20,Le Sud-Ouest,Faible (D2025),2026,89670.78671476032
Borough,REM20,Le Sud-Ouest,Faible (D2025),2027,86321.61408242666
Borough,REM20,Le Sud-Ouest,Faible (D2025),2028,83412.00507048133
Borough,REM20,Le Sud-Ouest,Faible (D2025),2029,81031.02346976571
Borough,REM20,Le Sud-Ouest,Faible (D2025),2030,79556.21917877374
Borough,REM20,Le Sud-Ouest,Faible (D2025),2031,78771.04776258417
Borough,REM20,Le Sud-Ouest,Faible (D2025),2032,78089.28051066707
Borough,REM20,Le Sud-Ouest,Faible (D2025),2033,77509.23878399204
Borough,REM20,Le Sud-Ouest,Faible (D2025),2034,77026.17443215883
Borough,REM20,Le Sud-Ouest,Faible (D2025),2035,76651.83792838024
Borough,REM20,Le Sud-Ouest,Faible (D2025),2036,76345.12659696906
Borough,REM20,Le Sud-Ouest,Faible (D2025),2037,76029.59042036951
Borough,REM20,Le Sud-Ouest,Faible (D2025),2038,75704.84570966034
Borough,REM20,Le Sud-Ouest,Faible (D2025),2039,75370.89246484159
Borough,REM20,Le Sud-Ouest,Faible (D2025),2040,75022.98253551294
Borough,REM20,Le Sud-Ouest,Faible (D2025),2041,74668.69377786879
Borough,REM32,LÎle-Bizard - Sainte-Geneviève,Faible (D2025),2021,19007.836392317648
Borough,REM32,LÎle-Bizard - Sainte-Geneviève,Faible (D2025),2022,19217.109241390423
Borough,REM32,LÎle-Bizard - Sainte-Geneviève,Faible (D2025),2023,19929.42534355787
Borough,REM32,LÎle-Bizard - Sainte-Geneviève,Faible (D2025),2024,20839.00595819845
Borough,REM32,LÎle-Bizard - Sainte-Geneviève,Faible (D2025),2025,20610.8796992993
Borough,REM32,LÎle-Bizard - Sainte-Geneviève,Faible (D2025),2026,20028.062955876772
Borough,REM32,LÎle-Bizard - Sainte-Geneviève,Faible (D2025),2027,19280.02178452128
Borough,REM32,LÎle-Bizard - Sainte-Geneviève,Faible (D2025),2028,18630.157602403702
Borough,REM32,LÎle-Bizard - Sainte-Geneviève,Faible (D2025),2029,18098.362899323805
Borough,REM32,LÎle-Bizard - Sainte-Geneviève,Faible (D2025),2030,17768.963835595925
Borough,REM32,LÎle-Bizard - Sainte-Geneviève,Faible (D2025),2031,17593.594987716606
Borough,REM32,LÎle-Bizard - Sainte-Geneviève,Faible (D2025),2032,17441.321566874594
Borough,REM32,LÎle-Bizard - Sainte-Geneviève,Faible (D2025),2033,17311.768647306304
Borough,REM32,LÎle-Bizard - Sainte-Geneviève,Faible (D2025),2034,17203.875724708996
Borough,REM32,LÎle-Bizard - Sainte-Geneviève,Faible (D2025),2035,17120.267279427822
Borough,REM32,LÎle-Bizard - Sainte-Geneviève,Faible (D2025),2036,17051.7629863371
Borough,REM32,LÎle-Bizard - Sainte-Geneviève,Faible (D2025),2037,16981.287654946344
Borough,REM32,LÎle-Bizard - Sainte-Geneviève,Faible (D2025),2038,16908.755587938165
Borough,REM32,LÎle-Bizard - Sainte-Geneviève,Faible (D2025),2039,16834.166785312565
Borough,REM32,LÎle-Bizard - Sainte-Geneviève,Faible (D2025),2040,16756.46074276681
Borough,REM32,LÎle-Bizard - Sainte-Geneviève,Faible (D2025),2041,16677.3299823194
Borough,REM22,Mercier - Hochelaga-Maisonneuve,Faible (D2025),2021,141541.70020346588
Borough,REM22,Mercier - Hochelaga-Maisonneuve,Faible (D2025),2022,143100.04878416788
Borough,REM22,Mercier - Hochelaga-Maisonneuve,Faible (D2025),2023,148404.30488686851
Borough,REM22,Mercier - Hochelaga-Maisonneuve,Faible (D2025),2024,155177.48958875157
Borough,REM22,Mercier - Hochelaga-Maisonneuve,Faible (D2025),2025,153478.74924402236
Borough,REM22,Mercier - Hochelaga-Maisonneuve,Faible (D2025),2026,149138.8090704836
Borough,REM22,Mercier - Hochelaga-Maisonneuve,Faible (D2025),2027,143568.52652856093
Borough,REM22,Mercier - Hochelaga-Maisonneuve,Faible (D2025),2028,138729.31814420043
Borough,REM22,Mercier - Hochelaga-Maisonneuve,Faible (D2025),2029,134769.3131820603
Borough,REM22,Mercier - Hochelaga-Maisonneuve,Faible (D2025),2030,132316.4457139713
Borough,REM22,Mercier - Hochelaga-Maisonneuve,Faible (D2025),2031,131010.56300437504
Borough,REM22,Mercier - Hochelaga-Maisonneuve,Faible (D2025),2032,129876.66020571212
Borough,REM22,Mercier - Hochelaga-Maisonneuve,Faible (D2025),2033,128911.94543631154
Borough,REM22,Mercier - Hochelaga-Maisonneuve,Faible (D2025),2034,128108.52165944675
Borough,REM22,Mercier - Hochelaga-Maisonneuve,Faible (D2025),2035,127485.93204681473
Borough,REM22,Mercier - Hochelaga-Maisonneuve,Faible (D2025),2036,126975.81538149997
Borough,REM22,Mercier - Hochelaga-Maisonneuve,Faible (D2025),2037,126451.02139540054
Borough,REM22,Mercier - Hochelaga-Maisonneuve,Faible (D2025),2038,125910.91194413451
Borough,REM22,Mercier - Hochelaga-Maisonneuve,Faible (D2025),2039,125355.48702770186
Borough,REM22,Mercier - Hochelaga-Maisonneuve,Faible (D2025),2040,124776.8496093761
Borough,REM22,Mercier - Hochelaga-Maisonneuve,Faible (D2025),2041,124187.60304070055
Borough,REM16,Montréal-Nord,Faible (D2025),2021,89046.45451229729
Borough,REM16,Montréal-Nord,Faible (D2025),2022,90026.83990971945
Borough,REM16,Montréal-Nord,Faible (D2025),2023,93363.84376859455
Borough,REM16,Montréal-Nord,Faible (D2025),2024,97624.97729032433
Borough,REM16,Montréal-Nord,Faible (D2025),2025,96556.2688841254
Borough,REM16,Montréal-Nord,Faible (D2025),2026,93825.93369178574
Borough,REM16,Montréal-Nord,Faible (D2025),2027,90321.5677679842
Borough,REM16,Montréal-Nord,Faible (D2025),2028,87277.13387568216
Borough,REM16,Montréal-Nord,Faible (D2025),2029,84785.82282584465
Borough,REM16,Montréal-Nord,Faible (D2025),2030,83242.67934863686
Borough,REM16,Montréal-Nord,Faible (D2025),2031,82421.12481642974
Borough,REM16,Montréal-Nord,Faible (D2025),2032,81707.76596997418
Borough,REM16,Montréal-Nord,Faible (D2025),2033,81100.84638580015
Borough,REM16,Montréal-Nord,Faible (D2025),2034,80595.397894664
Borough,REM16,Montréal-Nord,Faible (D2025),2035,80203.71546085564
Borough,REM16,Montréal-Nord,Faible (D2025),2036,79882.79180112414
Borough,REM16,Montréal-Nord,Faible (D2025),2037,79552.63437229324
Borough,REM16,Montréal-Nord,Faible (D2025),2038,79212.84170614125
Borough,REM16,Montréal-Nord,Faible (D2025),2039,78863.41380266815
Borough,REM16,Montréal-Nord,Faible (D2025),2040,78499.38249263025
Borough,REM16,Montréal-Nord,Faible (D2025),2041,78128.67677340638
Borough,REM05,Outremont,Faible (D2025),2021,24789.197908731338
Borough,REM05,Outremont,Faible (D2025),2022,25062.12250496186
Borough,REM05,Outremont,Faible (D2025),2023,25991.094349297684
Borough,REM05,Outremont,Faible (D2025),2024,27177.330036773612
Borough,REM05,Outremont,Faible (D2025),2025,26879.81763908088
Borough,REM05,Outremont,Faible (D2025),2026,26119.733256038606
Borough,REM05,Outremont,Faible (D2025),2027,25144.17032200024
Borough,REM05,Outremont,Faible (D2025),2028,24296.645570007982
Borough,REM05,Outremont,Faible (D2025),2029,23603.101924672806
Borough,REM05,Outremont,Faible (D2025),2030,23173.513916171145
Borough,REM05,Outremont,Faible (D2025),2031,22944.805451547378
Borough,REM05,Outremont,Faible (D2025),2032,22746.21704371482
Borough,REM05,Outremont,Faible (D2025),2033,22577.259730712572
Borough,REM05,Outremont,Faible (D2025),2034,22436.550448708385
Borough,REM05,Outremont,Faible (D2025),2035,22327.511931428533
Borough,REM05,Outremont,Faible (D2025),2036,22238.17159600193
Borough,REM05,Outremont,Faible (D2025),2037,22146.26071769518
Borough,REM05,Outremont,Faible (D2025),2038,22051.667533774376
Borough,REM05,Outremont,Faible (D2025),2039,21954.39204423951
Borough,REM05,Outremont,Faible (D2025),2040,21853.051185258337
Borough,REM05,Outremont,Faible (D2025),2041,21749.85227082576
Borough,REM31,Pierrefonds - Roxboro,Faible (D2025),2021,70839.79565602863
Borough,REM31,Pierrefonds - Roxboro,Faible (D2025),2022,71619.7290244925
Borough,REM31,Pierrefonds - Roxboro,Faible (D2025),2023,74274.4408011803
Borough,REM31,Pierrefonds - Roxboro,Faible (D2025),2024,77664.33239872509
Borough,REM31,Pierrefonds - Roxboro,Faible (D2025),2025,76814.13476283205
Borough,REM31,Pierrefonds - Roxboro,Faible (D2025),2026,74642.0506730484
Borough,REM31,Pierrefonds - Roxboro,Faible (D2025),2027,71854.19609415815
Borough,REM31,Pierrefonds - Roxboro,Faible (D2025),2028,69432.23470332948
Borough,REM31,Pierrefonds - Roxboro,Faible (D2025),2029,67450.30328727604
Borough,REM31,Pierrefonds - Roxboro,Faible (D2025),2030,66222.6747512265
Borough,REM31,Pierrefonds - Roxboro,Faible (D2025),2031,65569.09729549749
Borough,REM31,Pierrefonds - Roxboro,Faible (D2025),2032,65001.59356736923
Borough,REM31,Pierrefonds - Roxboro,Faible (D2025),2033,64518.76626606896
Borough,REM31,Pierrefonds - Roxboro,Faible (D2025),2034,64116.663026553804
Borough,REM31,Pierrefonds - Roxboro,Faible (D2025),2035,63805.06495423294
Borough,REM31,Pierrefonds - Roxboro,Faible (D2025),2036,63549.75814161386
Borough,REM31,Pierrefonds - Roxboro,Faible (D2025),2037,63287.10551921809
Borough,REM31,Pierrefonds - Roxboro,Faible (D2025),2038,63016.78770401186
Borough,REM31,Pierrefonds - Roxboro,Faible (D2025),2039,62738.80469599518
Borough,REM31,Pierrefonds - Roxboro,Faible (D2025),2040,62449.20413012515
Borough,REM31,Pierrefonds - Roxboro,Faible (D2025),2041,62154.293821318715
Borough,REM33,Rivière-des-Prairies - Pointe-aux-Trembles,Faible (D2025),2021,108643.09600334438
Borough,REM33,Rivière-des-Prairies - Pointe-aux-Trembles,Faible (D2025),2022,109839.23688773753
Borough,REM33,Rivière-des-Prairies - Pointe-aux-Trembles,Faible (D2025),2023,113910.62224034841
Borough,REM33,Rivière-des-Prairies - Pointe-aux-Trembles,Faible (D2025),2024,119109.5124243526
Borough,REM33,Rivière-des-Prairies - Pointe-aux-Trembles,Faible (D2025),2025,117805.61109992405
Borough,REM33,Rivière-des-Prairies - Pointe-aux-Trembles,Faible (D2025),2026,114474.40526980643
Borough,REM33,Rivière-des-Prairies - Pointe-aux-Trembles,Faible (D2025),2027,110198.826128833
Borough,REM33,Rivière-des-Prairies - Pointe-aux-Trembles,Faible (D2025),2028,106484.39723383944
Borough,REM33,Rivière-des-Prairies - Pointe-aux-Trembles,Faible (D2025),2029,103444.81809456767
Borough,REM33,Rivière-des-Prairies - Pointe-aux-Trembles,Faible (D2025),2030,101562.07177008524
Borough,REM33,Rivière-des-Prairies - Pointe-aux-Trembles,Faible (D2025),2031,100559.71599518761
Borough,REM33,Rivière-des-Prairies - Pointe-aux-Trembles,Faible (D2025),2032,99689.36675933337
Borough,REM33,Rivière-des-Prairies - Pointe-aux-Trembles,Faible (D2025),2033,98948.88109922635
Borough,REM33,Rivière-des-Prairies - Pointe-aux-Trembles,Faible (D2025),2034,98332.19749011457
Borough,REM33,Rivière-des-Prairies - Pointe-aux-Trembles,Faible (D2025),2035,97854.31667507114
Borough,REM33,Rivière-des-Prairies - Pointe-aux-Trembles,Faible (D2025),2036,97462.76666710155
Borough,REM33,Rivière-des-Prairies - Pointe-aux-Trembles,Faible (D2025),2037,97059.95079494642
Borough,REM33,Rivière-des-Prairies - Pointe-aux-Trembles,Faible (D2025),2038,96645.37923842379
Borough,REM33,Rivière-des-Prairies - Pointe-aux-Trembles,Faible (D2025),2039,96219.05199753368
Borough,REM33,Rivière-des-Prairies - Pointe-aux-Trembles,Faible (D2025),2040,95774.90754752405
Borough,REM33,Rivière-des-Prairies - Pointe-aux-Trembles,Faible (D2025),2041,95322.61983698903
Borough,REM24,Rosemont - La Petite-Patrie,Faible (D2025),2021,142735.4144720012
Borough,REM24,Rosemont - La Petite-Patrie,Faible (D2025),2022,144306.90563141645
Borough,REM24,Rosemont - La Petite-Patrie,Faible (D2025),2023,149655.89601514282
Borough,REM24,Rosemont - La Petite-Patrie,Faible (D2025),2024,156486.20343923735
Borough,REM24,Rosemont - La Petite-Patrie,Faible (D2025),2025,154773.13649969455
Borough,REM24,Rosemont - La Petite-Patrie,Faible (D2025),2026,150396.59475571898
Borough,REM24,Rosemont - La Petite-Patrie,Faible (D2025),2027,144779.33435680784
Borough,REM24,Rosemont - La Petite-Patrie,Faible (D2025),2028,139899.31374475383
Borough,REM24,Rosemont - La Petite-Patrie,Faible (D2025),2029,135905.9114557483
Borough,REM24,Rosemont - La Petite-Patrie,Faible (D2025),2030,133432.35734272518
Borough,REM24,Rosemont - La Petite-Patrie,Faible (D2025),2031,132115.46126518692
Borough,REM24,Rosemont - La Petite-Patrie,Faible (D2025),2032,130971.99551830484
Borough,REM24,Rosemont - La Petite-Patrie,Faible (D2025),2033,129999.14467463325
Borough,REM24,Rosemont - La Petite-Patrie,Faible (D2025),2034,129188.94509653996
Borough,REM24,Rosemont - La Petite-Patrie,Faible (D2025),2035,128561.10477614497
Borough,REM24,Rosemont - La Petite-Patrie,Faible (D2025),2036,128046.68596142033
Borough,REM24,Rosemont - La Petite-Patrie,Faible (D2025),2037,127517.46604240964
Borough,REM24,Rosemont - La Petite-Patrie,Faible (D2025),2038,126972.80149283956
Borough,REM24,Rosemont - La Petite-Patrie,Faible (D2025),2039,126412.69231271013
Borough,REM24,Rosemont - La Petite-Patrie,Faible (D2025),2040,125829.17486438916
Borough,REM24,Rosemont - La Petite-Patrie,Faible (D2025),2041,125234.95879177448
Borough,REM15,Saint-Laurent,Faible (D2025),2021,102768.12957379936
Borough,REM15,Saint-Laurent,Faible (D2025),2022,103899.58813783042
Borough,REM15,Saint-Laurent,Faible (D2025),2023,107750.80991679283
Borough,REM15,Saint-Laurent,Faible (D2025),2024,112668.56575885066
Borough,REM15,Saint-Laurent,Faible (D2025),2025,111435.17399085283
Borough,REM15,Saint-Laurent,Faible (D2025),2026,108284.10590663712
Borough,REM15,Saint-Laurent,Faible (D2025),2027,104239.73228947633
Borough,REM15,Saint-Laurent,Faible (D2025),2028,100726.16424865382
Borough,REM15,Saint-Laurent,Faible (D2025),2029,97850.95289767317
Borough,REM15,Saint-Laurent,Faible (D2025),2030,96070.01765791296
Borough,REM15,Saint-Laurent,Faible (D2025),2031,95121.86511124259
Borough,REM15,Saint-Laurent,Faible (D2025),2032,94298.58073943149
Borough,REM15,Saint-Laurent,Faible (D2025),2033,93598.13746171897
Borough,REM15,Saint-Laurent,Faible (D2025),2034,93014.8015353819
Borough,REM15,Saint-Laurent,Faible (D2025),2035,92562.76252574522
Borough,REM15,Saint-Laurent,Faible (D2025),2036,92192.38591246826
Borough,REM15,Saint-Laurent,Faible (D2025),2037,91811.35264604932
Borough,REM15,Saint-Laurent,Faible (D2025),2038,91419.1993937431
Borough,REM15,Saint-Laurent,Faible (D2025),2039,91015.92615554959
Borough,REM15,Saint-Laurent,Faible (D2025),2040,90595.79918874567
Borough,REM15,Saint-Laurent,Faible (D2025),2041,90167.96931505109
Borough,REM14,Saint-Léonard,Faible (D2025),2021,80012.07063845862
Borough,REM14,Saint-Léonard,Faible (D2025),2022,80892.9890995145
Borough,REM14,Saint-Léonard,Faible (D2025),2023,83891.43064263345
Borough,REM14,Saint-Léonard,Faible (D2025),2024,87720.242448874
Borough,REM14,Saint-Léonard,Faible (D2025),2025,86759.96196429958
Borough,REM14,Saint-Léonard,Faible (D2025),2026,84306.63832022366
Borough,REM14,Saint-Léonard,Faible (D2025),2027,81157.81476094884
Borough,REM14,Saint-Léonard,Faible (D2025),2028,78422.25992073509
Borough,REM14,Saint-Léonard,Faible (D2025),2029,76183.70975280623
Borough,REM14,Saint-Léonard,Faible (D2025),2030,74797.12894417251
Borough,REM14,Saint-Léonard,Faible (D2025),2031,74058.92684927357
Borough,REM14,Saint-Léonard,Faible (D2025),2032,73417.94323318485
Borough,REM14,Saint-Léonard,Faible (D2025),2033,72872.59987384774
Borough,REM14,Saint-Léonard,Faible (D2025),2034,72418.43265743932
Borough,REM14,Saint-Léonard,Faible (D2025),2035,72066.48913836986
Borough,REM14,Saint-Léonard,Faible (D2025),2036,71778.12542223286
Borough,REM14,Saint-Léonard,Faible (D2025),2037,71481.46476727347
Borough,REM14,Saint-Léonard,Faible (D2025),2038,71176.14643702115
Borough,REM14,Saint-Léonard,Faible (D2025),2039,70862.1704314759
Borough,REM14,Saint-Léonard,Faible (D2025),2040,70535.07263681479
Borough,REM14,Saint-Léonard,Faible (D2025),2041,70201.97759833097
Borough,REM12,Verdun,Faible (D2025),2021,70834.76313381725
Borough,REM12,Verdun,Faible (D2025),2022,71614.6410951196
Borough,REM12,Verdun,Faible (D2025),2023,74269.16427871709
Borough,REM12,Verdun,Faible (D2025),2024,77658.81505534193
Borough,REM12,Verdun,Faible (D2025),2025,76808.67781824658
Borough,REM12,Verdun,Faible (D2025),2026,74636.7480352523
Borough,REM12,Verdun,Faible (D2025),2027,71849.09150803568
Borough,REM12,Verdun,Faible (D2025),2028,69427.30217550253
Borough,REM12,Verdun,Faible (D2025),2029,67445.51155762305
Borough,REM12,Verdun,Faible (D2025),2030,66217.9702333987
Borough,REM12,Verdun,Faible (D2025),2031,65564.43920839457
Borough,REM12,Verdun,Faible (D2025),2032,64996.975796236875
Borough,REM12,Verdun,Faible (D2025),2033,64514.18279541836
Borough,REM12,Verdun,Faible (D2025),2034,64112.10812167567
Borough,REM12,Verdun,Faible (D2025),2035,63800.53218555954
Borough,REM12,Verdun,Faible (D2025),2036,63545.243510163935
Borough,REM12,Verdun,Faible (D2025),2037,63282.60954684452
Borough,REM12,Verdun,Faible (D2025),2038,63012.31093525678
Borough,REM12,Verdun,Faible (D2025),2039,62734.347675400706
Borough,REM12,Verdun,Faible (D2025),2040,62444.76768301295
Borough,REM12,Verdun,Faible (D2025),2041,62149.878324897654
Borough,REM19,Ville-Marie,Faible (D2025),2021,105626.60218985348
Borough,REM19,Ville-Marie,Faible (D2025),2022,106789.53202162967
Borough,REM19,Ville-Marie,Faible (D2025),2023,110747.87467589817
Borough,REM19,Ville-Marie,Faible (D2025),2024,115802.416800486
Borough,REM19,Ville-Marie,Faible (D2025),2025,114534.71851539664
Borough,REM19,Ville-Marie,Faible (D2025),2026,111296.00417482299
Borough,REM19,Ville-Marie,Faible (D2025),2027,107139.13720703208
Borough,REM19,Ville-Marie,Faible (D2025),2028,103527.84005436345
Borough,REM19,Ville-Marie,Faible (D2025),2029,100572.65534056856
Borough,REM19,Ville-Marie,Faible (D2025),2030,98742.18378410266
Borough,REM19,Ville-Marie,Faible (D2025),2031,97767.6585856993
Borough,REM19,Ville-Marie,Faible (D2025),2032,96921.47474260458
Borough,REM19,Ville-Marie,Faible (D2025),2033,96201.54879125829
Borough,REM19,Ville-Marie,Faible (D2025),2034,95601.98750616155
Borough,REM19,Ville-Marie,Faible (D2025),2035,95137.37513223581
Borough,REM19,Ville-Marie,Faible (D2025),2036,94756.6965760212
Borough,REM19,Ville-Marie,Faible (D2025),2037,94365.06495423293
Borough,REM19,Ville-Marie,Faible (D2025),2038,93962.00404662869
Borough,REM19,Ville-Marie,Faible (D2025),2039,93547.51385320845
Borough,REM19,Ville-Marie,Faible (D2025),2040,93115.70114847338
Borough,REM19,Ville-Marie,Faible (D2025),2041,92675.97128220953
Borough,REM25,Villeray - Saint-Michel - Parc-Extension,Faible (D2025),2021,146033.7295293284
Borough,REM25,Villeray - Saint-Michel - Parc-Extension,Faible (D2025),2022,147641.53454240595
Borough,REM25,Villeray - Saint-Michel - Parc-Extension,Faible (D2025),2023,153114.12883753303
Borough,REM25,Villeray - Saint-Michel - Parc-Extension,Faible (D2025),2024,160102.27029256092
Borough,REM25,Villeray - Saint-Michel - Parc-Extension,Faible (D2025),2025,158349.61798100796
Borough,REM25,Villeray - Saint-Michel - Parc-Extension,Faible (D2025),2026,153871.94356728415
Borough,REM25,Villeray - Saint-Michel - Parc-Extension,Faible (D2025),2027,148124.88010146635
Borough,REM25,Villeray - Saint-Michel - Parc-Extension,Faible (D2025),2028,143132.0924825392
Borough,REM25,Villeray - Saint-Michel - Parc-Extension,Faible (D2025),2029,139046.41107031459
Borough,REM25,Villeray - Saint-Michel - Parc-Extension,Faible (D2025),2030,136515.69832706449
Borough,REM25,Villeray - Saint-Michel - Parc-Extension,Faible (D2025),2031,135168.37155243856
Borough,REM25,Villeray - Saint-Michel - Parc-Extension,Faible (D2025),2032,133998.48271844507
Borough,REM25,Villeray - Saint-Michel - Parc-Extension,Faible (D2025),2033,133003.15133903475
Borough,REM25,Villeray - Saint-Michel - Parc-Extension,Faible (D2025),2034,132174.22975366842
Borough,REM25,Villeray - Saint-Michel - Parc-Extension,Faible (D2025),2035,131531.88136469063
Borough,REM25,Villeray - Saint-Michel - Parc-Extension,Faible (D2025),2036,131005.57541369603
Borough,REM25,Villeray - Saint-Michel - Parc-Extension,Faible (D2025),2037,130464.12633604262
Borough,REM25,Villeray - Saint-Michel - Parc-Extension,Faible (D2025),2038,129906.87573491916
Borough,REM25,Villeray - Saint-Michel - Parc-Extension,Faible (D2025),2039,129333.82361032565
Borough,REM25,Villeray - Saint-Michel - Parc-Extension,Faible (D2025),2040,128736.82230172286
Borough,REM25,Villeray - Saint-Michel - Parc-Extension,Faible (D2025),2041,128128.87514613298
Borough,REM23,Ahuntsic-Cartierville,Fort (E2025),2021,136216.28519940167
Borough,REM23,Ahuntsic-Cartierville,Fort (E2025),2022,137716.0019217799
Borough,REM23,Ahuntsic-Cartierville,Fort (E2025),2023,142820.68881629588
Borough,REM23,Ahuntsic-Cartierville,Fort (E2025),2024,149339.0368206908
Borough,REM23,Ahuntsic-Cartierville,Fort (E2025),2025,149855.140195207
Borough,REM23,Ahuntsic-Cartierville,Fort (E2025),2026,148774.18651135114
Borough,REM23,Ahuntsic-Cartierville,Fort (E2025),2027,146381.82513050575
Borough,REM23,Ahuntsic-Cartierville,Fort (E2025),2028,144133.47831616228
Borough,REM23,Ahuntsic-Cartierville,Fort (E2025),2029,142576.0329402609
Borough,REM23,Ahuntsic-Cartierville,Fort (E2025),2030,141907.62418198143
Borough,REM23,Ahuntsic-Cartierville,Fort (E2025),2031,141873.69324467127
Borough,REM23,Ahuntsic-Cartierville,Fort (E2025),2032,141901.48283586194
Borough,REM23,Ahuntsic-Cartierville,Fort (E2025),2033,141980.78296762978
Borough,REM23,Ahuntsic-Cartierville,Fort (E2025),2034,142118.27235387976
Borough,REM23,Ahuntsic-Cartierville,Fort (E2025),2035,142325.00541762693
Borough,REM23,Ahuntsic-Cartierville,Fort (E2025),2036,142543.6373394806
Borough,REM23,Ahuntsic-Cartierville,Fort (E2025),2037,142771.404513687
Borough,REM23,Ahuntsic-Cartierville,Fort (E2025),2038,143007.5392719812
Borough,REM23,Ahuntsic-Cartierville,Fort (E2025),2039,143251.04364561877
Borough,REM23,Ahuntsic-Cartierville,Fort (E2025),2040,143493.089449553
Borough,REM23,Ahuntsic-Cartierville,Fort (E2025),2041,143745.7290755433
Borough,REM09,Anjou,Fort (E2025),2021,43524.27159719311
Borough,REM09,Anjou,Fort (E2025),2022,44003.46597434185
Borough,REM09,Anjou,Fort (E2025),2023,45634.53217534937
Borough,REM09,Anjou,Fort (E2025),2024,47717.295983604745
Borough,REM09,Anjou,Fort (E2025),2025,47882.20301664994
Borough,REM09,Anjou,Fort (E2025),2026,47536.813170999274
Borough,REM09,Anjou,Fort (E2025),2027,46772.39806199726
Borough,REM09,Anjou,Fort (E2025),2028,46053.998956861484
Borough,REM09,Anjou,Fort (E2025),2029,45556.358932107505
Borough,REM09,Anjou,Fort (E2025),2030,45342.78678623148
Borough,REM09,Anjou,Fort (E2025),2031,45331.94506250606
Borough,REM09,Anjou,Fort (E2025),2032,45340.82448329475
Borough,REM09,Anjou,Fort (E2025),2033,45366.16271996524
Borough,REM09,Anjou,Fort (E2025),2034,45410.093776961214
Borough,REM09,Anjou,Fort (E2025),2035,45476.14979956879
Borough,REM09,Anjou,Fort (E2025),2036,45546.00778411627
Borough,REM09,Anjou,Fort (E2025),2037,45618.784694282134
Borough,REM09,Anjou,Fort (E2025),2038,45694.23524219929
Borough,REM09,Anjou,Fort (E2025),2039,45772.040553640516
Borough,REM09,Anjou,Fort (E2025),2040,45849.37981813427
Borough,REM09,Anjou,Fort (E2025),2041,45930.10405519388
Borough,REM34,Côte-des-Neiges - Notre-Dame-de-Grâce,Fort (E2025),2021,171692.54727618326
Borough,REM34,Côte-des-Neiges - Notre-Dame-de-Grâce,Fort (E2025),2022,173582.8512430025
Borough,REM34,Côte-des-Neiges - Notre-Dame-de-Grâce,Fort (E2025),2023,180017.006268474
Borough,REM34,Côte-des-Neiges - Notre-Dame-de-Grâce,Fort (E2025),2024,188232.99726594472
Borough,REM34,Côte-des-Neiges - Notre-Dame-de-Grâce,Fort (E2025),2025,188883.5149547718
Borough,REM34,Côte-des-Neiges - Notre-Dame-de-Grâce,Fort (E2025),2026,187521.03695739355
Borough,REM34,Côte-des-Neiges - Notre-Dame-de-Grâce,Fort (E2025),2027,184505.60734939013
Borough,REM34,Côte-des-Neiges - Notre-Dame-de-Grâce,Fort (E2025),2028,181671.69955965827
Borough,REM34,Côte-des-Neiges - Notre-Dame-de-Grâce,Fort (E2025),2029,179708.63204948072
Borough,REM34,Côte-des-Neiges - Notre-Dame-de-Grâce,Fort (E2025),2030,178866.14245902747
Borough,REM34,Côte-des-Neiges - Notre-Dame-de-Grâce,Fort (E2025),2031,178823.37452529822
Borough,REM34,Côte-des-Neiges - Notre-Dame-de-Grâce,Fort (E2025),2032,178858.40165654253
Borough,REM34,Côte-des-Neiges - Notre-Dame-de-Grâce,Fort (E2025),2033,178958.35476862916
Borough,REM34,Côte-des-Neiges - Notre-Dame-de-Grâce,Fort (E2025),2034,179131.65198426045
Borough,REM34,Côte-des-Neiges - Notre-Dame-de-Grâce,Fort (E2025),2035,179392.22674790933
Borough,REM34,Côte-des-Neiges - Notre-Dame-de-Grâce,Fort (E2025),2036,179667.79931637272
Borough,REM34,Côte-des-Neiges - Notre-Dame-de-Grâce,Fort (E2025),2037,179954.88632853248
Borough,REM34,Côte-des-Neiges - Notre-Dame-de-Grâce,Fort (E2025),2038,180252.52018407793
Borough,REM34,Côte-des-Neiges - Notre-Dame-de-Grâce,Fort (E2025),2039,180559.4430026053
Borough,REM34,Côte-des-Neiges - Notre-Dame-de-Grâce,Fort (E2025),2040,180864.52738054248
Borough,REM34,Côte-des-Neiges - Notre-Dame-de-Grâce,Fort (E2025),2041,181182.96464276616
Borough,REM27,Lachine,Fort (E2025),2021,46729.98824583127
Borough,REM27,Lachine,Fort (E2025),2022,47244.476984870234
Borough,REM27,Lachine,Fort (E2025),2023,48995.67698441645
Borough,REM27,Lachine,Fort (E2025),2024,51231.84371867819
Borough,REM27,Lachine,Fort (E2025),2025,51408.89673836282
Borough,REM27,Lachine,Fort (E2025),2026,51038.0677081413
Borough,REM27,Lachine,Fort (E2025),2027,50217.350720866
Borough,REM27,Lachine,Fort (E2025),2028,49446.038979006196
Borough,REM27,Lachine,Fort (E2025),2029,48911.74600513117
Borough,REM27,Lachine,Fort (E2025),2030,48682.44351481523
Borough,REM27,Lachine,Fort (E2025),2031,48670.803259765315
Borough,REM27,Lachine,Fort (E2025),2032,48680.336681322035
Borough,REM27,Lachine,Fort (E2025),2033,48707.541168802956
Borough,REM27,Lachine,Fort (E2025),2034,48754.70790363193
Borough,REM27,Lachine,Fort (E2025),2035,48825.6291860967
Borough,REM27,Lachine,Fort (E2025),2036,48900.63245845455
Borough,REM27,Lachine,Fort (E2025),2037,48978.76964563354
Borough,REM27,Lachine,Fort (E2025),2038,49059.777393447
Borough,REM27,Lachine,Fort (E2025),2039,49143.3133414523
Borough,REM27,Lachine,Fort (E2025),2040,49226.348916502975
Borough,REM27,Lachine,Fort (E2025),2041,49313.01877932941
Borough,REM17,LaSalle,Fort (E2025),2021,82769.89281028548
Borough,REM17,LaSalle,Fort (E2025),2022,83681.17439585603
Borough,REM17,LaSalle,Fort (E2025),2023,86782.96495247452
Borough,REM17,LaSalle,Fort (E2025),2024,90743.74662284614
Borough,REM17,LaSalle,Fort (E2025),2025,91057.34951493208
Borough,REM17,LaSalle,Fort (E2025),2026,90400.52334752734
Borough,REM17,LaSalle,Fort (E2025),2027,88946.83890174927
Borough,REM17,LaSalle,Fort (E2025),2028,87580.66286375839
Borough,REM17,LaSalle,Fort (E2025),2029,86634.30328103648
Borough,REM17,LaSalle,Fort (E2025),2030,86228.15418370014
Borough,REM17,LaSalle,Fort (E2025),2031,86207.53653111916
Borough,REM17,LaSalle,Fort (E2025),2032,86224.42248187553
Borough,REM17,LaSalle,Fort (E2025),2033,86272.60808168586
Borough,REM17,LaSalle,Fort (E2025),2034,86356.15155628439
Borough,REM17,LaSalle,Fort (E2025),2035,86481.76996895543
Borough,REM17,LaSalle,Fort (E2025),2036,86614.61855391166
Borough,REM17,LaSalle,Fort (E2025),2037,86753.01804533199
Borough,REM17,LaSalle,Fort (E2025),2038,86896.50198048838
Borough,REM17,LaSalle,Fort (E2025),2039,87044.46395783429
Borough,REM17,LaSalle,Fort (E2025),2040,87191.53965599685
Borough,REM17,LaSalle,Fort (E2025),2041,87345.05253980687
Borough,REM21,Le Plateau-Mont-Royal,Fort (E2025),2021,106501.25455018834
Borough,REM21,Le Plateau-Mont-Royal,Fort (E2025),2022,107673.81414663725
Borough,REM21,Le Plateau-Mont-Royal,Fort (E2025),2023,111664.93428000469
Borough,REM21,Le Plateau-Mont-Royal,Fort (E2025),2024,116761.33108047936
Borough,REM21,Le Plateau-Mont-Royal,Fort (E2025),2025,117164.84859516639
Borough,REM21,Le Plateau-Mont-Royal,Fort (E2025),2026,116319.70057727137
Borough,REM21,Le Plateau-Mont-Royal,Fort (E2025),2027,114449.22313748157
Borough,REM21,Le Plateau-Mont-Royal,Fort (E2025),2028,112691.34407007803
Borough,REM21,Le Plateau-Mont-Royal,Fort (E2025),2029,111473.64909194763
Borough,REM21,Le Plateau-Mont-Royal,Fort (E2025),2030,110951.05099580305
Borough,REM21,Le Plateau-Mont-Royal,Fort (E2025),2031,110924.5219549743
Borough,REM21,Le Plateau-Mont-Royal,Fort (E2025),2032,110946.24935945396
Borough,REM21,Le Plateau-Mont-Royal,Fort (E2025),2033,111008.25048881164
Borough,REM21,Le Plateau-Mont-Royal,Fort (E2025),2034,111115.747122577
Borough,REM21,Le Plateau-Mont-Royal,Fort (E2025),2035,111277.38220617839
Borough,REM21,Le Plateau-Mont-Royal,Fort (E2025),2036,111448.32046020616
Borough,REM21,Le Plateau-Mont-Royal,Fort (E2025),2037,111626.40114830321
Borough,REM21,Le Plateau-Mont-Royal,Fort (E2025),2038,111811.0240659259
Borough,REM21,Le Plateau-Mont-Royal,Fort (E2025),2039,112001.4089471675
Borough,REM21,Le Plateau-Mont-Royal,Fort (E2025),2040,112190.65343977619
Borough,REM21,Le Plateau-Mont-Royal,Fort (E2025),2041,112388.18075508707
Borough,REM20,Le Sud-Ouest,Fort (E2025),2021,85102.97010747333
Borough,REM20,Le Sud-Ouest,Fort (E2025),2022,86039.93845312599
Borough,REM20,Le Sud-Ouest,Fort (E2025),2023,89229.16076642035
Borough,REM20,Le Sud-Ouest,Fort (E2025),2024,93301.58701527951
Borough,REM20,Le Sud-Ouest,Fort (E2025),2025,93624.02959246126
Borough,REM20,Le Sud-Ouest,Fort (E2025),2026,92948.68912997482
Borough,REM20,Le Sud-Ouest,Fort (E2025),2027,91454.02893730902
Borough,REM20,Le Sud-Ouest,Fort (E2025),2028,90049.3437966725
Borough,REM20,Le Sud-Ouest,Fort (E2025),2029,89076.30869242389
Borough,REM20,Le Sud-Ouest,Fort (E2025),2030,88658.71126277618
Borough,REM20,Le Sud-Ouest,Fort (E2025),2031,88637.51244987802
Borough,REM20,Le Sud-Ouest,Fort (E2025),2032,88654.87437356384
Borough,REM20,Le Sud-Ouest,Fort (E2025),2033,88704.41820551814
Borough,REM20,Le Sud-Ouest,Fort (E2025),2034,88790.31656275933
Borough,REM20,Le Sud-Ouest,Fort (E2025),2035,88919.47584586962
Borough,REM20,Le Sud-Ouest,Fort (E2025),2036,89056.0691018288
Borough,REM20,Le Sud-Ouest,Fort (E2025),2037,89198.36973049135
Borough,REM20,Le Sud-Ouest,Fort (E2025),2038,89345.89812070571
Borough,REM20,Le Sud-Ouest,Fort (E2025),2039,89498.03077797485
Borough,REM20,Le Sud-Ouest,Fort (E2025),2040,89649.25217405608
Borough,REM20,Le Sud-Ouest,Fort (E2025),2041,89807.09220402858
Borough,REM32,LÎle-Bizard - Sainte-Geneviève,Fort (E2025),2021,19007.836392317648
Borough,REM32,LÎle-Bizard - Sainte-Geneviève,Fort (E2025),2022,19217.109241390423
Borough,REM32,LÎle-Bizard - Sainte-Geneviève,Fort (E2025),2023,19929.42534355787
Borough,REM32,LÎle-Bizard - Sainte-Geneviève,Fort (E2025),2024,20839.00595819845
Borough,REM32,LÎle-Bizard - Sainte-Geneviève,Fort (E2025),2025,20911.023841302274
Borough,REM32,LÎle-Bizard - Sainte-Geneviève,Fort (E2025),2026,20760.185850526592
Borough,REM32,LÎle-Bizard - Sainte-Geneviève,Fort (E2025),2027,20426.351950623644
Borough,REM32,LÎle-Bizard - Sainte-Geneviève,Fort (E2025),2028,20112.614071649266
Borough,REM32,LÎle-Bizard - Sainte-Geneviève,Fort (E2025),2029,19895.285674741586
Borough,REM32,LÎle-Bizard - Sainte-Geneviève,Fort (E2025),2030,19802.014856924394
Borough,REM32,LÎle-Bizard - Sainte-Geneviève,Fort (E2025),2031,19797.28008013845
Borough,REM32,LÎle-Bizard - Sainte-Geneviève,Fort (E2025),2032,19801.157883750468
Borough,REM32,LÎle-Bizard - Sainte-Geneviève,Fort (E2025),2033,19812.223549858787
Borough,REM32,LÎle-Bizard - Sainte-Geneviève,Fort (E2025),2034,19831.40903679006
Borough,REM32,LÎle-Bizard - Sainte-Geneviève,Fort (E2025),2035,19860.256896257353
Borough,REM32,LÎle-Bizard - Sainte-Geneviève,Fort (E2025),2036,19890.765141249125
Borough,REM32,LÎle-Bizard - Sainte-Geneviève,Fort (E2025),2037,19922.54813383711
Borough,REM32,LÎle-Bizard - Sainte-Geneviève,Fort (E2025),2038,19955.498752374573
Borough,REM32,LÎle-Bizard - Sainte-Geneviève,Fort (E2025),2039,19989.477738720747
Borough,REM32,LÎle-Bizard - Sainte-Geneviève,Fort (E2025),2040,20023.25319393811
Borough,REM32,LÎle-Bizard - Sainte-Geneviève,Fort (E2025),2041,20058.506927880502
Borough,REM22,Mercier - Hochelaga-Maisonneuve,Fort (E2025),2021,141541.70020346588
Borough,REM22,Mercier - Hochelaga-Maisonneuve,Fort (E2025),2022,143100.04878416788
Borough,REM22,Mercier - Hochelaga-Maisonneuve,Fort (E2025),2023,148404.30488686851
Borough,REM22,Mercier - Hochelaga-Maisonneuve,Fort (E2025),2024,155177.48958875157
Borough,REM22,Mercier - Hochelaga-Maisonneuve,Fort (E2025),2025,155713.77017372593
Borough,REM22,Mercier - Hochelaga-Maisonneuve,Fort (E2025),2026,154590.55629346054
Borough,REM22,Mercier - Hochelaga-Maisonneuve,Fort (E2025),2027,152104.66485360608
Borough,REM22,Mercier - Hochelaga-Maisonneuve,Fort (E2025),2028,149768.41827131697
Borough,REM22,Mercier - Hochelaga-Maisonneuve,Fort (E2025),2029,148150.08411871243
Borough,REM22,Mercier - Hochelaga-Maisonneuve,Fort (E2025),2030,147455.54372701648
Borough,REM22,Mercier - Hochelaga-Maisonneuve,Fort (E2025),2031,147420.2862499142
Borough,REM22,Mercier - Hochelaga-Maisonneuve,Fort (E2025),2032,147449.16228319707
Borough,REM22,Mercier - Hochelaga-Maisonneuve,Fort (E2025),2033,147531.5626765153
Borough,REM22,Mercier - Hochelaga-Maisonneuve,Fort (E2025),2034,147674.42725002253
Borough,REM22,Mercier - Hochelaga-Maisonneuve,Fort (E2025),2035,147889.2426025937
Borough,REM22,Mercier - Hochelaga-Maisonneuve,Fort (E2025),2036,148116.422002565
Borough,REM22,Mercier - Hochelaga-Maisonneuve,Fort (E2025),2037,148353.0938002177
Borough,REM22,Mercier - Hochelaga-Maisonneuve,Fort (E2025),2038,148598.46031507434
Borough,REM22,Mercier - Hochelaga-Maisonneuve,Fort (E2025),2039,148851.48456251426
Borough,REM22,Mercier - Hochelaga-Maisonneuve,Fort (E2025),2040,149102.9932170471
Borough,REM22,Mercier - Hochelaga-Maisonneuve,Fort (E2025),2041,149365.50986216843
Borough,REM16,Montréal-Nord,Fort (E2025),2021,89046.45451229729
Borough,REM16,Montréal-Nord,Fort (E2025),2022,90026.83990971945
Borough,REM16,Montréal-Nord,Fort (E2025),2023,93363.84376859455
Borough,REM16,Montréal-Nord,Fort (E2025),2024,97624.97729032433
Borough,REM16,Montréal-Nord,Fort (E2025),2025,97962.36114714606
Borough,REM16,Montréal-Nord,Fort (E2025),2026,97255.72689340418
Borough,REM16,Montréal-Nord,Fort (E2025),2027,95691.80743572276
Borough,REM16,Montréal-Nord,Fort (E2025),2028,94222.03227603294
Borough,REM16,Montréal-Nord,Fort (E2025),2029,93203.9088657698
Borough,REM16,Montréal-Nord,Fort (E2025),2030,92766.96088996335
Borough,REM16,Montréal-Nord,Fort (E2025),2031,92744.77977071372
Borough,REM16,Montréal-Nord,Fort (E2025),2032,92762.94620774622
Borough,REM16,Montréal-Nord,Fort (E2025),2033,92814.78579187486
Borough,REM16,Montréal-Nord,Fort (E2025),2034,92904.66449001076
Borough,REM16,Montréal-Nord,Fort (E2025),2035,93039.80873014477
Borough,REM16,Montréal-Nord,Fort (E2025),2036,93182.73141707445
Borough,REM16,Montréal-Nord,Fort (E2025),2037,93331.62594380212
Borough,REM16,Montréal-Nord,Fort (E2025),2038,93485.99047505061
Borough,REM16,Montréal-Nord,Fort (E2025),2039,93645.17262495965
Borough,REM16,Montréal-Nord,Fort (E2025),2040,93803.40128784213
Borough,REM16,Montréal-Nord,Fort (E2025),2041,93968.55527754915
Borough,REM05,Outremont,Fort (E2025),2021,24789.197908731338
Borough,REM05,Outremont,Fort (E2025),2022,25062.12250496186
Borough,REM05,Outremont,Fort (E2025),2023,25991.094349297684
Borough,REM05,Outremont,Fort (E2025),2024,27177.330036773612
Borough,REM05,Outremont,Fort (E2025),2025,27271.2526442909
Borough,REM05,Outremont,Fort (E2025),2026,27074.536262251488
Borough,REM05,Outremont,Fort (E2025),2027,26639.16453226951
Borough,REM05,Outremont,Fort (E2025),2028,26230.001163391567
Borough,REM05,Outremont,Fort (E2025),2029,25946.570870172647
Borough,REM05,Outremont,Fort (E2025),2030,25824.931104643412
Borough,REM05,Outremont,Fort (E2025),2031,25818.75621359438
Borough,REM05,Outremont,Fort (E2025),2032,25823.813477304222
Borough,REM05,Outremont,Fort (E2025),2033,25838.24484032153
Borough,REM05,Outremont,Fort (E2025),2034,25863.265722377677
Borough,REM05,Outremont,Fort (E2025),2035,25900.887852683205
Borough,REM05,Outremont,Fort (E2025),2036,25940.675385958413
Borough,REM05,Outremont,Fort (E2025),2037,25982.125389900673
Borough,REM05,Outremont,Fort (E2025),2038,26025.098161092577
Borough,REM05,Outremont,Fort (E2025),2039,26069.412085091513
Borough,REM05,Outremont,Fort (E2025),2040,26113.460572597392
Borough,REM05,Outremont,Fort (E2025),2041,26159.436967263377
Borough,REM31,Pierrefonds - Roxboro,Fort (E2025),2021,70839.79565602863
Borough,REM31,Pierrefonds - Roxboro,Fort (E2025),2022,71619.7290244925
Borough,REM31,Pierrefonds - Roxboro,Fort (E2025),2023,74274.4408011803
Borough,REM31,Pierrefonds - Roxboro,Fort (E2025),2024,77664.33239872509
Borough,REM31,Pierrefonds - Roxboro,Fort (E2025),2025,77932.7339157287
Borough,REM31,Pierrefonds - Roxboro,Fort (E2025),2026,77370.57985341607
Borough,REM31,Pierrefonds - Roxboro,Fort (E2025),2027,76126.42324536899
Borough,REM31,Pierrefonds - Roxboro,Fort (E2025),2028,74957.16195874073
Borough,REM31,Pierrefonds - Roxboro,Fort (E2025),2029,74147.20658510258
Borough,REM31,Pierrefonds - Roxboro,Fort (E2025),2030,73799.59807572427
Borough,REM31,Pierrefonds - Roxboro,Fort (E2025),2031,73781.95216310852
Borough,REM31,Pierrefonds - Roxboro,Fort (E2025),2032,73796.40424538657
Borough,REM31,Pierrefonds - Roxboro,Fort (E2025),2033,73837.64457962199
Borough,REM31,Pierrefonds - Roxboro,Fort (E2025),2034,73909.14645630702
Borough,REM31,Pierrefonds - Roxboro,Fort (E2025),2035,74016.65877004951
Borough,REM31,Pierrefonds - Roxboro,Fort (E2025),2036,74130.35913007127
Borough,REM31,Pierrefonds - Roxboro,Fort (E2025),2037,74248.81031272034
Borough,REM31,Pierrefonds - Roxboro,Fort (E2025),2038,74371.61308920452
Borough,REM31,Pierrefonds - Roxboro,Fort (E2025),2039,74498.24846209392
Borough,REM31,Pierrefonds - Roxboro,Fort (E2025),2040,74624.12530027812
Borough,REM31,Pierrefonds - Roxboro,Fort (E2025),2041,74755.51149579484
Borough,REM33,Rivière-des-Prairies - Pointe-aux-Trembles,Fort (E2025),2021,108643.09600334438
Borough,REM33,Rivière-des-Prairies - Pointe-aux-Trembles,Fort (E2025),2022,109839.23688773753
Borough,REM33,Rivière-des-Prairies - Pointe-aux-Trembles,Fort (E2025),2023,113910.62224034841
Borough,REM33,Rivière-des-Prairies - Pointe-aux-Trembles,Fort (E2025),2024,119109.5124243526
Borough,REM33,Rivière-des-Prairies - Pointe-aux-Trembles,Fort (E2025),2025,119521.14505978335
Borough,REM33,Rivière-des-Prairies - Pointe-aux-Trembles,Fort (E2025),2026,118659.00031197726
Borough,REM33,Rivière-des-Prairies - Pointe-aux-Trembles,Fort (E2025),2027,116750.90579307739
Borough,REM33,Rivière-des-Prairies - Pointe-aux-Trembles,Fort (E2025),2028,114957.67410685164
Borough,REM33,Rivière-des-Prairies - Pointe-aux-Trembles,Fort (E2025),2029,113715.49012535246
Borough,REM33,Rivière-des-Prairies - Pointe-aux-Trembles,Fort (E2025),2030,113182.38208479088
Borough,REM33,Rivière-des-Prairies - Pointe-aux-Trembles,Fort (E2025),2031,113155.31951973653
Borough,REM33,Rivière-des-Prairies - Pointe-aux-Trembles,Fort (E2025),2032,113177.48388297108
Borough,REM33,Rivière-des-Prairies - Pointe-aux-Trembles,Fort (E2025),2033,113240.73191396914
Borough,REM33,Rivière-des-Prairies - Pointe-aux-Trembles,Fort (E2025),2034,113350.39040720974
Borough,REM33,Rivière-des-Prairies - Pointe-aux-Trembles,Fort (E2025),2035,113515.27612596848
Borough,REM33,Rivière-des-Prairies - Pointe-aux-Trembles,Fort (E2025),2036,113689.65211075306
Borough,REM33,Rivière-des-Prairies - Pointe-aux-Trembles,Fort (E2025),2037,113871.31417074458
Borough,REM33,Rivière-des-Prairies - Pointe-aux-Trembles,Fort (E2025),2038,114059.65003071558
Borough,REM33,Rivière-des-Prairies - Pointe-aux-Trembles,Fort (E2025),2039,114253.86373287032
Borough,REM33,Rivière-des-Prairies - Pointe-aux-Trembles,Fort (E2025),2040,114446.91411209285
Borough,REM33,Rivière-des-Prairies - Pointe-aux-Trembles,Fort (E2025),2041,114648.41388945453
Borough,REM24,Rosemont - La Petite-Patrie,Fort (E2025),2021,142735.4144720012
Borough,REM24,Rosemont - La Petite-Patrie,Fort (E2025),2022,144306.90563141645
Borough,REM24,Rosemont - La Petite-Patrie,Fort (E2025),2023,149655.89601514282
Borough,REM24,Rosemont - La Petite-Patrie,Fort (E2025),2024,156486.20343923735
Borough,REM24,Rosemont - La Petite-Patrie,Fort (E2025),2025,157027.00683116756
Borough,REM24,Rosemont - La Petite-Patrie,Fort (E2025),2026,155894.32014936337
Borough,REM24,Rosemont - La Petite-Patrie,Fort (E2025),2027,153387.46355169662
Borough,REM24,Rosemont - La Petite-Patrie,Fort (E2025),2028,151031.51386512033
Borough,REM24,Rosemont - La Petite-Patrie,Fort (E2025),2029,149399.5312360142
Borough,REM24,Rosemont - La Petite-Patrie,Fort (E2025),2030,148699.1333283039
Borough,REM24,Rosemont - La Petite-Patrie,Fort (E2025),2031,148663.57850170368
Borough,REM24,Rosemont - La Petite-Patrie,Fort (E2025),2032,148692.69806557082
Borough,REM24,Rosemont - La Petite-Patrie,Fort (E2025),2033,148775.79339561157
Borough,REM24,Rosemont - La Petite-Patrie,Fort (E2025),2034,148919.86284004812
Borough,REM24,Rosemont - La Petite-Patrie,Fort (E2025),2035,149136.48987180003
Borough,REM24,Rosemont - La Petite-Patrie,Fort (E2025),2036,149365.58522509728
Borough,REM24,Rosemont - La Petite-Patrie,Fort (E2025),2037,149604.25303170996
Borough,REM24,Rosemont - La Petite-Patrie,Fort (E2025),2038,149851.68888379642
Borough,REM24,Rosemont - La Petite-Patrie,Fort (E2025),2039,150106.8470511626
Borough,REM24,Rosemont - La Petite-Patrie,Fort (E2025),2040,150360.47684362964
Borough,REM24,Rosemont - La Petite-Patrie,Fort (E2025),2041,150625.20746431124
Borough,REM15,Saint-Laurent,Fort (E2025),2021,102768.12957379936
Borough,REM15,Saint-Laurent,Fort (E2025),2022,103899.58813783042
Borough,REM15,Saint-Laurent,Fort (E2025),2023,107750.80991679283
Borough,REM15,Saint-Laurent,Fort (E2025),2024,112668.56575885066
Borough,REM15,Saint-Laurent,Fort (E2025),2025,113057.93901468505
Borough,REM15,Saint-Laurent,Fort (E2025),2026,112242.4154663578
Borough,REM15,Saint-Laurent,Fort (E2025),2027,110437.50275702814
Borough,REM15,Saint-Laurent,Fort (E2025),2028,108741.24157647215
Borough,REM15,Saint-Laurent,Fort (E2025),2029,107566.22973438256
Borough,REM15,Saint-Laurent,Fort (E2025),2030,107061.9499577129
Borough,REM15,Saint-Laurent,Fort (E2025),2031,107036.35082353489
Borough,REM15,Saint-Laurent,Fort (E2025),2032,107057.31663025987
Borough,REM15,Saint-Laurent,Fort (E2025),2033,107117.14447099718
Borough,REM15,Saint-Laurent,Fort (E2025),2034,107220.873089352
Borough,REM15,Saint-Laurent,Fort (E2025),2035,107376.84247473977
Borough,REM15,Saint-Laurent,Fort (E2025),2036,107541.78893206781
Borough,REM15,Saint-Laurent,Fort (E2025),2037,107713.62746398222
Borough,REM15,Saint-Laurent,Fort (E2025),2038,107891.77890455141
Borough,REM15,Saint-Laurent,Fort (E2025),2039,108075.49033806424
Borough,REM15,Saint-Laurent,Fort (E2025),2040,108258.10135630696
Borough,REM15,Saint-Laurent,Fort (E2025),2041,108448.70486440617
Borough,REM14,Saint-Léonard,Fort (E2025),2021,80012.07063845862
Borough,REM14,Saint-Léonard,Fort (E2025),2022,80892.9890995145
Borough,REM14,Saint-Léonard,Fort (E2025),2023,83891.43064263345
Borough,REM14,Saint-Léonard,Fort (E2025),2024,87720.242448874
Borough,REM14,Saint-Léonard,Fort (E2025),2025,88023.3963603031
Borough,REM14,Saint-Léonard,Fort (E2025),2026,87388.4550800959
Borough,REM14,Saint-Léonard,Fort (E2025),2027,85983.2061591118
Borough,REM14,Saint-Léonard,Fort (E2025),2028,84662.54994046906
Borough,REM14,Saint-Léonard,Fort (E2025),2029,83747.72225118252
Borough,REM14,Saint-Léonard,Fort (E2025),2030,83355.1056950598
Borough,REM14,Saint-Léonard,Fort (E2025),2031,83335.17500506253
Borough,REM14,Saint-Léonard,Fort (E2025),2032,83351.49833035441
Borough,REM14,Saint-Léonard,Fort (E2025),2033,83398.07842711275
Borough,REM14,Saint-Léonard,Fort (E2025),2034,83478.83830445464
Borough,REM14,Saint-Léonard,Fort (E2025),2035,83600.27121884977
Borough,REM14,Saint-Léonard,Fort (E2025),2036,83728.6934023616
Borough,REM14,Saint-Léonard,Fort (E2025),2037,83862.4815408727
Borough,REM14,Saint-Léonard,Fort (E2025),2038,84001.1847137949
Borough,REM14,Saint-Léonard,Fort (E2025),2039,84144.21672436355
Borough,REM14,Saint-Léonard,Fort (E2025),2040,84286.39198581467
Borough,REM14,Saint-Léonard,Fort (E2025),2041,84434.7899513826
Borough,REM12,Verdun,Fort (E2025),2021,70834.76313381725
Borough,REM12,Verdun,Fort (E2025),2022,71614.6410951196
Borough,REM12,Verdun,Fort (E2025),2023,74269.16427871709
Borough,REM12,Verdun,Fort (E2025),2024,77658.81505534193
Borough,REM12,Verdun,Fort (E2025),2025,77927.19750486259
Borough,REM12,Verdun,Fort (E2025),2026,77365.0833784755
Borough,REM12,Verdun,Fort (E2025),2027,76121.01515642257
Borough,REM12,Verdun,Fort (E2025),2028,74951.83693515808
Borough,REM12,Verdun,Fort (E2025),2029,74141.93910147145
Borough,REM12,Verdun,Fort (E2025),2030,73794.3552865114
Borough,REM12,Verdun,Fort (E2025),2031,73776.71062747703
Borough,REM12,Verdun,Fort (E2025),2032,73791.16168306627
Borough,REM12,Verdun,Fort (E2025),2033,73832.3990875516
Borough,REM12,Verdun,Fort (E2025),2034,73903.89588467959
Borough,REM12,Verdun,Fort (E2025),2035,74011.4005606515
Borough,REM12,Verdun,Fort (E2025),2036,74125.09284329836
Borough,REM12,Verdun,Fort (E2025),2037,74243.53561106986
Borough,REM12,Verdun,Fort (E2025),2038,74366.32966353536
Borough,REM12,Verdun,Fort (E2025),2039,74492.95604013502
Borough,REM12,Verdun,Fort (E2025),2040,74618.82393591647
Borough,REM12,Verdun,Fort (E2025),2041,74750.20079764078
Borough,REM19,Ville-Marie,Fort (E2025),2021,105626.60218985348
Borough,REM19,Ville-Marie,Fort (E2025),2022,106789.53202162967
Borough,REM19,Ville-Marie,Fort (E2025),2023,110747.87467589817
Borough,REM19,Ville-Marie,Fort (E2025),2024,115802.416800486
Borough,REM19,Ville-Marie,Fort (E2025),2025,116202.62038663625
Borough,REM19,Ville-Marie,Fort (E2025),2026,115364.41323260061
Borough,REM19,Ville-Marie,Fort (E2025),2027,113509.297278594
Borough,REM19,Ville-Marie,Fort (E2025),2028,111765.85497141437
Borough,REM19,Ville-Marie,Fort (E2025),2029,110558.16043685892
Borough,REM19,Ville-Marie,Fort (E2025),2030,110039.85423061019
Borough,REM19,Ville-Marie,Fort (E2025),2031,110013.54306222132
Borough,REM19,Ville-Marie,Fort (E2025),2032,110035.09202818686
Borough,REM19,Ville-Marie,Fort (E2025),2033,110096.58396697805
Borough,REM19,Ville-Marie,Fort (E2025),2034,110203.19777373027
Borough,REM19,Ville-Marie,Fort (E2025),2035,110363.50541280548
Borough,REM19,Ville-Marie,Fort (E2025),2036,110533.03981907587
Borough,REM19,Ville-Marie,Fort (E2025),2037,110709.65800145098
Borough,REM19,Ville-Marie,Fort (E2025),2038,110892.76468462787
Borough,REM19,Ville-Marie,Fort (E2025),2039,111081.58601071274
Borough,REM19,Ville-Marie,Fort (E2025),2040,111269.27631372206
Borough,REM19,Ville-Marie,Fort (E2025),2041,111465.18141591163
Borough,REM25,Villeray - Saint-Michel - Parc-Extension,Fort (E2025),2021,146033.7295293284
Borough,REM25,Villeray - Saint-Michel - Parc-Extension,Fort (E2025),2022,147641.53454240595
Borough,REM25,Villeray - Saint-Michel - Parc-Extension,Fort (E2025),2023,153114.12883753303
Borough,REM25,Villeray - Saint-Michel - Parc-Extension,Fort (E2025),2024,160102.27029256092
Borough,REM25,Villeray - Saint-Michel - Parc-Extension,Fort (E2025),2025,160655.5705128169
Borough,REM25,Villeray - Saint-Michel - Parc-Extension,Fort (E2025),2026,159496.70982541185
Borough,REM25,Villeray - Saint-Michel - Parc-Extension,Fort (E2025),2027,156931.92504717948
Borough,REM25,Villeray - Saint-Michel - Parc-Extension,Fort (E2025),2028,154521.5343211857
Borough,REM25,Villeray - Saint-Michel - Parc-Extension,Fort (E2025),2029,152851.8400078505
Borough,REM25,Villeray - Saint-Michel - Parc-Extension,Fort (E2025),2030,152135.25737840403
Borough,REM25,Villeray - Saint-Michel - Parc-Extension,Fort (E2025),2031,152098.88095458236
Borough,REM25,Villeray - Saint-Michel - Parc-Extension,Fort (E2025),2032,152128.67341029152
Borough,REM25,Villeray - Saint-Michel - Parc-Extension,Fort (E2025),2033,152213.68889854444
Borough,REM25,Villeray - Saint-Michel - Parc-Extension,Fort (E2025),2034,152361.0874846635
Borough,REM25,Villeray - Saint-Michel - Parc-Extension,Fort (E2025),2035,152582.7203112512
Borough,REM25,Villeray - Saint-Michel - Parc-Extension,Fort (E2025),2036,152817.10957605694
Borough,REM25,Villeray - Saint-Michel - Parc-Extension,Fort (E2025),2037,153061.29249343005
Borough,REM25,Villeray - Saint-Michel - Parc-Extension,Fort (E2025),2038,153314.44606735645
Borough,REM25,Villeray - Saint-Michel - Parc-Extension,Fort (E2025),2039,153575.5004030179
Borough,REM25,Villeray - Saint-Michel - Parc-Extension,Fort (E2025),2040,153834.9910462526
Borough,REM25,Villeray - Saint-Michel - Parc-Extension,Fort (E2025),2041,154105.83903448144
Borough,REM23,Ahuntsic-Cartierville,Référence (A2025),2021,136216.28519940167
Borough,REM23,Ahuntsic-Cartierville,Référence (A2025),2022,137716.0019217799
Borough,REM23,Ahuntsic-Cartierville,Référence (A2025),2023,142820.68881629588
Borough,REM23,Ahuntsic-Cartierville,Référence (A2025),2024,149339.0368206908
Borough,REM23,Ahuntsic-Cartierville,Référence (A2025),2025,148786.46920359012
Borough,REM23,Ahuntsic-Cartierville,Référence (A2025),2026,146168.18305237417
Borough,REM23,Ahuntsic-Cartierville,Référence (A2025),2027,142295.14312212094
Borough,REM23,Ahuntsic-Cartierville,Référence (A2025),2028,138840.25209577815
Borough,REM23,Ahuntsic-Cartierville,Référence (A2025),2029,136153.56670215644
Borough,REM23,Ahuntsic-Cartierville,Référence (A2025),2030,134639.4945832239
Borough,REM23,Ahuntsic-Cartierville,Référence (A2025),2031,133997.03301229927
Borough,REM23,Ahuntsic-Cartierville,Référence (A2025),2032,133472.71558734824
Borough,REM23,Ahuntsic-Cartierville,Référence (A2025),2033,133061.32216416922
Borough,REM23,Ahuntsic-Cartierville,Référence (A2025),2034,132762.6224422828
Borough,REM23,Ahuntsic-Cartierville,Référence (A2025),2035,132592.20008746706
Borough,REM23,Ahuntsic-Cartierville,Référence (A2025),2036,132488.18103756828
Borough,REM23,Ahuntsic-Cartierville,Référence (A2025),2037,132382.62665113964
Borough,REM23,Ahuntsic-Cartierville,Référence (A2025),2038,132273.92482482476
Borough,REM23,Ahuntsic-Cartierville,Référence (A2025),2039,132162.7664600621
Borough,REM23,Ahuntsic-Cartierville,Référence (A2025),2040,132038.86480210148
Borough,REM23,Ahuntsic-Cartierville,Référence (A2025),2041,131915.65404557931
Borough,REM09,Anjou,Référence (A2025),2021,43524.27159719311
Borough,REM09,Anjou,Référence (A2025),2022,44003.46597434185
Borough,REM09,Anjou,Référence (A2025),2023,45634.53217534937
Borough,REM09,Anjou,Référence (A2025),2024,47717.295983604745
Borough,REM09,Anjou,Référence (A2025),2025,47540.73777687273
Borough,REM09,Anjou,Référence (A2025),2026,46704.134448585864
Borough,REM09,Anjou,Référence (A2025),2027,45466.60810153896
Borough,REM09,Anjou,Référence (A2025),2028,44362.69005569645
Borough,REM09,Anjou,Référence (A2025),2029,43504.231578451785
Borough,REM09,Anjou,Référence (A2025),2030,43020.45031818844
Borough,REM09,Anjou,Référence (A2025),2031,42815.16890222009
Borough,REM09,Anjou,Référence (A2025),2032,42647.637288997015
Borough,REM09,Anjou,Référence (A2025),2033,42516.187521023014
Borough,REM09,Anjou,Référence (A2025),2034,42420.746011937954
Borough,REM09,Anjou,Référence (A2025),2035,42366.292105443776
Borough,REM09,Anjou,Référence (A2025),2036,42333.055599452964
Borough,REM09,Anjou,Référence (A2025),2037,42299.32851772797
Borough,REM09,Anjou,Référence (A2025),2038,42264.5957557479
Borough,REM09,Anjou,Référence (A2025),2039,42229.07807259314
Borough,REM09,Anjou,Référence (A2025),2040,42189.488610844666
Borough,REM09,Anjou,Référence (A2025),2041,42150.11990817658
Borough,REM34,Côte-des-Neiges - Notre-Dame-de-Grâce,Référence (A2025),2021,171692.54727618326
Borough,REM34,Côte-des-Neiges - Notre-Dame-de-Grâce,Référence (A2025),2022,173582.8512430025
Borough,REM34,Côte-des-Neiges - Notre-Dame-de-Grâce,Référence (A2025),2023,180017.006268474
Borough,REM34,Côte-des-Neiges - Notre-Dame-de-Grâce,Référence (A2025),2024,188232.99726594472
Borough,REM34,Côte-des-Neiges - Notre-Dame-de-Grâce,Référence (A2025),2025,187536.5185623634
Borough,REM34,Côte-des-Neiges - Notre-Dame-de-Grâce,Référence (A2025),2026,184236.32418294574
Borough,REM34,Côte-des-Neiges - Notre-Dame-de-Grâce,Référence (A2025),2027,179354.58709582637
Borough,REM34,Côte-des-Neiges - Notre-Dame-de-Grâce,Référence (A2025),2028,174999.9018978995
Borough,REM34,Côte-des-Neiges - Notre-Dame-de-Grâce,Référence (A2025),2029,171613.49433080593
Borough,REM34,Côte-des-Neiges - Notre-Dame-de-Grâce,Référence (A2025),2030,169705.09623817817
Borough,REM34,Côte-des-Neiges - Notre-Dame-de-Grâce,Référence (A2025),2031,168895.31153822373
Borough,REM34,Côte-des-Neiges - Notre-Dame-de-Grâce,Référence (A2025),2032,168234.44052607307
Borough,REM34,Côte-des-Neiges - Notre-Dame-de-Grâce,Référence (A2025),2033,167715.90351961402
Borough,REM34,Côte-des-Neiges - Notre-Dame-de-Grâce,Référence (A2025),2034,167339.41023875336
Borough,REM34,Côte-des-Neiges - Notre-Dame-de-Grâce,Référence (A2025),2035,167124.60296979663
Borough,REM34,Côte-des-Neiges - Notre-Dame-de-Grâce,Référence (A2025),2036,166993.49312770818
Borough,REM34,Côte-des-Neiges - Notre-Dame-de-Grâce,Référence (A2025),2037,166860.4480849985
Borough,REM34,Côte-des-Neiges - Notre-Dame-de-Grâce,Référence (A2025),2038,166723.43588101526
Borough,REM34,Côte-des-Neiges - Notre-Dame-de-Grâce,Référence (A2025),2039,166583.3273560381
Borough,REM34,Côte-des-Neiges - Notre-Dame-de-Grâce,Référence (A2025),2040,166427.15666590468
Borough,REM34,Côte-des-Neiges - Notre-Dame-de-Grâce,Référence (A2025),2041,166271.85681605083
Borough,REM27,Lachine,Référence (A2025),2021,46729.98824583127
Borough,REM27,Lachine,Référence (A2025),2022,47244.476984870234
Borough,REM27,Lachine,Référence (A2025),2023,48995.67698441645
Borough,REM27,Lachine,Référence (A2025),2024,51231.84371867819
Borough,REM27,Lachine,Référence (A2025),2025,51042.2813751277
Borough,REM27,Lachine,Référence (A2025),2026,50144.05925072137
Borough,REM27,Lachine,Référence (A2025),2027,48815.38470823603
Borough,REM27,Lachine,Référence (A2025),2028,47630.1591912188
Borough,REM27,Lachine,Référence (A2025),2029,46708.47220878199
Borough,REM27,Lachine,Référence (A2025),2030,46189.058746452676
Borough,REM27,Lachine,Référence (A2025),2031,45968.657627645494
Borough,REM27,Lachine,Référence (A2025),2032,45788.78671816371
Borough,REM27,Lachine,Référence (A2025),2033,45647.655209538105
Borough,REM27,Lachine,Référence (A2025),2034,45545.18409551269
Borough,REM27,Lachine,Référence (A2025),2035,45486.71946607644
Borough,REM27,Lachine,Référence (A2025),2036,45451.0349737854
Borough,REM27,Lachine,Référence (A2025),2037,45414.82377312106
Borough,REM27,Lachine,Référence (A2025),2038,45377.53282029145
Borough,REM27,Lachine,Référence (A2025),2039,45339.399134064566
Borough,REM27,Lachine,Référence (A2025),2040,45296.8937683393
Borough,REM27,Lachine,Référence (A2025),2041,45254.625421382014
Borough,REM17,LaSalle,Référence (A2025),2021,82769.89281028548
Borough,REM17,LaSalle,Référence (A2025),2022,83681.17439585603
Borough,REM17,LaSalle,Référence (A2025),2023,86782.96495247452
Borough,REM17,LaSalle,Référence (A2025),2024,90743.74662284614
Borough,REM17,LaSalle,Référence (A2025),2025,90407.98675117658
Borough,REM17,LaSalle,Référence (A2025),2026,88817.02232452555
Borough,REM17,LaSalle,Référence (A2025),2027,86463.62456883324
Borough,REM17,LaSalle,Référence (A2025),2028,84364.30906112428
Borough,REM17,LaSalle,Référence (A2025),2029,82731.78280540163
Borough,REM17,LaSalle,Référence (A2025),2030,81811.77836681606
Borough,REM17,LaSalle,Référence (A2025),2031,81421.3957096887
Borough,REM17,LaSalle,Référence (A2025),2032,81102.80166641236
Borough,REM17,LaSalle,Référence (A2025),2033,80852.82429043608
Borough,REM17,LaSalle,Référence (A2025),2034,80671.32364294145
Borough,REM17,LaSalle,Référence (A2025),2035,80567.76891730844
Borough,REM17,LaSalle,Référence (A2025),2036,80504.56321765405
Borough,REM17,LaSalle,Référence (A2025),2037,80440.42459254351
Borough,REM17,LaSalle,Référence (A2025),2038,80374.37347024785
Borough,REM17,LaSalle,Référence (A2025),2039,80306.82966722237
Borough,REM17,LaSalle,Référence (A2025),2040,80231.54258291078
Borough,REM17,LaSalle,Référence (A2025),2041,80156.67531505448
Borough,REM21,Le Plateau-Mont-Royal,Référence (A2025),2021,106501.25455018834
Borough,REM21,Le Plateau-Mont-Royal,Référence (A2025),2022,107673.81414663725
Borough,REM21,Le Plateau-Mont-Royal,Référence (A2025),2023,111664.93428000469
Borough,REM21,Le Plateau-Mont-Royal,Référence (A2025),2024,116761.33108047936
Borough,REM21,Le Plateau-Mont-Royal,Référence (A2025),2025,116329.30384996957
Borough,REM21,Le Plateau-Mont-Royal,Référence (A2025),2026,114282.18621298744
Borough,REM21,Le Plateau-Mont-Royal,Référence (A2025),2027,111254.03424943092
Borough,REM21,Le Plateau-Mont-Royal,Référence (A2025),2028,108552.81370079338
Borough,REM21,Le Plateau-Mont-Royal,Référence (A2025),2029,106452.21783897321
Borough,REM21,Le Plateau-Mont-Royal,Référence (A2025),2030,105268.43441755831
Borough,REM21,Le Plateau-Mont-Royal,Référence (A2025),2031,104766.12323498864
Borough,REM21,Le Plateau-Mont-Royal,Référence (A2025),2032,104356.18353168468
Borough,REM21,Le Plateau-Mont-Royal,Référence (A2025),2033,104034.53391674971
Borough,REM21,Le Plateau-Mont-Royal,Référence (A2025),2034,103800.99432882063
Borough,REM21,Le Plateau-Mont-Royal,Référence (A2025),2035,103667.74892013325
Borough,REM21,Le Plateau-Mont-Royal,Référence (A2025),2036,103586.42120447046
Borough,REM21,Le Plateau-Mont-Royal,Référence (A2025),2037,103503.8930797204
Borough,REM21,Le Plateau-Mont-Royal,Référence (A2025),2038,103418.90411634142
Borough,REM21,Le Plateau-Mont-Royal,Référence (A2025),2039,103331.9944984228
Borough,REM21,Le Plateau-Mont-Royal,Référence (A2025),2040,103235.12148507983
Borough,REM21,Le Plateau-Mont-Royal,Référence (A2025),2041,103138.78865582611
Borough,REM20,Le Sud-Ouest,Référence (A2025),2021,85102.97010747333
Borough,REM20,Le Sud-Ouest,Référence (A2025),2022,86039.93845312599
Borough,REM20,Le Sud-Ouest,Référence (A2025),2023,89229.16076642035
Borough,REM20,Le Sud-Ouest,Référence (A2025),2024,93301.58701527951
Borough,REM20,Le Sud-Ouest,Référence (A2025),2025,92956.3629083995
Borough,REM20,Le Sud-Ouest,Référence (A2025),2026,91320.55315383484
Borough,REM20,Le Sud-Ouest,Référence (A2025),2027,88900.81897207463
Borough,REM20,Le Sud-Ouest,Référence (A2025),2028,86742.3289845594
Borough,REM20,Le Sud-Ouest,Référence (A2025),2029,85063.78587639234
Borough,REM20,Le Sud-Ouest,Référence (A2025),2030,84117.84880220584
Borough,REM20,Le Sud-Ouest,Référence (A2025),2031,83716.46222948025
Borough,REM20,Le Sud-Ouest,Référence (A2025),2032,83388.887812977
Borough,REM20,Le Sud-Ouest,Référence (A2025),2033,83131.86419686559
Borough,REM20,Le Sud-Ouest,Référence (A2025),2034,82945.24749780056
Borough,REM20,Le Sud-Ouest,Référence (A2025),2035,82838.77382215821
Borough,REM20,Le Sud-Ouest,Référence (A2025),2036,82773.78651112426
Borough,REM20,Le Sud-Ouest,Référence (A2025),2037,82707.83997778721
Borough,REM20,Le Sud-Ouest,Référence (A2025),2038,82639.92703872886
Borough,REM20,Le Sud-Ouest,Référence (A2025),2039,82570.47934398556
Borough,REM20,Le Sud-Ouest,Référence (A2025),2040,82493.07010412666
Borough,REM20,Le Sud-Ouest,Référence (A2025),2041,82416.09251430415
Borough,REM32,LÎle-Bizard - Sainte-Geneviève,Référence (A2025),2021,19007.836392317648
Borough,REM32,LÎle-Bizard - Sainte-Geneviève,Référence (A2025),2022,19217.109241390423
Borough,REM32,LÎle-Bizard - Sainte-Geneviève,Référence (A2025),2023,19929.42534355787
Borough,REM32,LÎle-Bizard - Sainte-Geneviève,Référence (A2025),2024,20839.00595819845
Borough,REM32,LÎle-Bizard - Sainte-Geneviève,Référence (A2025),2025,20761.899796874444
Borough,REM32,LÎle-Bizard - Sainte-Geneviève,Référence (A2025),2026,20396.539996335687
Borough,REM32,LÎle-Bizard - Sainte-Geneviève,Référence (A2025),2027,19856.089864199137
Borough,REM32,LÎle-Bizard - Sainte-Geneviève,Référence (A2025),2028,19373.988893042286
Borough,REM32,LÎle-Bizard - Sainte-Geneviève,Référence (A2025),2029,18999.084553778925
Borough,REM32,LÎle-Bizard - Sainte-Geneviève,Référence (A2025),2030,18787.808529912098
Borough,REM32,LÎle-Bizard - Sainte-Geneviève,Référence (A2025),2031,18698.158423754743
Borough,REM32,LÎle-Bizard - Sainte-Geneviève,Référence (A2025),2032,18624.994339030796
Borough,REM32,LÎle-Bizard - Sainte-Geneviève,Référence (A2025),2033,18567.587848542415
Borough,REM32,LÎle-Bizard - Sainte-Geneviève,Référence (A2025),2034,18525.90681579558
Borough,REM32,LÎle-Bizard - Sainte-Geneviève,Référence (A2025),2035,18502.125810219128
Borough,REM32,LÎle-Bizard - Sainte-Geneviève,Référence (A2025),2036,18487.610827085755
Borough,REM32,LÎle-Bizard - Sainte-Geneviève,Référence (A2025),2037,18472.881600658897
Borough,REM32,LÎle-Bizard - Sainte-Geneviève,Référence (A2025),2038,18457.713175480403
Borough,REM32,LÎle-Bizard - Sainte-Geneviève,Référence (A2025),2039,18442.20196103234
Borough,REM32,LÎle-Bizard - Sainte-Geneviève,Référence (A2025),2040,18424.91252724838
Borough,REM32,LÎle-Bizard - Sainte-Geneviève,Référence (A2025),2041,18407.719502946486
Borough,REM22,Mercier - Hochelaga-Maisonneuve,Référence (A2025),2021,141541.70020346588
Borough,REM22,Mercier - Hochelaga-Maisonneuve,Référence (A2025),2022,143100.04878416788
Borough,REM22,Mercier - Hochelaga-Maisonneuve,Référence (A2025),2023,148404.30488686851
Borough,REM22,Mercier - Hochelaga-Maisonneuve,Référence (A2025),2024,155177.48958875157
Borough,REM22,Mercier - Hochelaga-Maisonneuve,Référence (A2025),2025,154603.3191810994
Borough,REM22,Mercier - Hochelaga-Maisonneuve,Référence (A2025),2026,151882.67037673807
Borough,REM22,Mercier - Hochelaga-Maisonneuve,Référence (A2025),2027,147858.2128320218
Borough,REM22,Mercier - Hochelaga-Maisonneuve,Référence (A2025),2028,144268.25184336017
Borough,REM22,Mercier - Hochelaga-Maisonneuve,Référence (A2025),2029,141476.5297084601
Borough,REM22,Mercier - Hochelaga-Maisonneuve,Référence (A2025),2030,139903.2645028302
Borough,REM22,Mercier - Hochelaga-Maisonneuve,Référence (A2025),2031,139235.68571127128
Borough,REM22,Mercier - Hochelaga-Maisonneuve,Référence (A2025),2032,138690.86994518843
Borough,REM22,Mercier - Hochelaga-Maisonneuve,Référence (A2025),2033,138263.3929773351
Borough,REM22,Mercier - Hochelaga-Maisonneuve,Référence (A2025),2034,137953.01550356817
Borough,REM22,Mercier - Hochelaga-Maisonneuve,Référence (A2025),2035,137775.93043757929
Borough,REM22,Mercier - Hochelaga-Maisonneuve,Référence (A2025),2036,137667.8447328879
Borough,REM22,Mercier - Hochelaga-Maisonneuve,Référence (A2025),2037,137558.16366724164
Borough,REM22,Mercier - Hochelaga-Maisonneuve,Référence (A2025),2038,137445.21211163793
Borough,REM22,Mercier - Hochelaga-Maisonneuve,Référence (A2025),2039,137329.70797850646
Borough,REM22,Mercier - Hochelaga-Maisonneuve,Référence (A2025),2040,137200.9623494497
Borough,REM22,Mercier - Hochelaga-Maisonneuve,Référence (A2025),2041,137072.9346328226
Borough,REM16,Montréal-Nord,Référence (A2025),2021,89046.45451229729
Borough,REM16,Montréal-Nord,Référence (A2025),2022,90026.83990971945
Borough,REM16,Montréal-Nord,Référence (A2025),2023,93363.84376859455
Borough,REM16,Montréal-Nord,Référence (A2025),2024,97624.97729032433
Borough,REM16,Montréal-Nord,Référence (A2025),2025,97263.75625783842
Borough,REM16,Montréal-Nord,Référence (A2025),2026,95552.14667809449
Borough,REM16,Montréal-Nord,Référence (A2025),2027,93020.28733786399
Borough,REM16,Montréal-Nord,Référence (A2025),2028,90761.77767309207
Borough,REM16,Montréal-Nord,Référence (A2025),2029,89005.45457015489
Borough,REM16,Montréal-Nord,Référence (A2025),2030,88015.6848530502
Borough,REM16,Montréal-Nord,Référence (A2025),2031,87595.6989096111
Borough,REM16,Montréal-Nord,Référence (A2025),2032,87252.94541532398
Borough,REM16,Montréal-Nord,Référence (A2025),2033,86984.01189030426
Borough,REM16,Montréal-Nord,Référence (A2025),2034,86788.74778396879
Borough,REM16,Montréal-Nord,Référence (A2025),2035,86677.34035244354
Borough,REM16,Montréal-Nord,Référence (A2025),2036,86609.34167239098
Borough,REM16,Montréal-Nord,Référence (A2025),2037,86540.33932178412
Borough,REM16,Montréal-Nord,Référence (A2025),2038,86469.279446541
Borough,REM16,Montréal-Nord,Référence (A2025),2039,86396.61369841102
Borough,REM16,Montréal-Nord,Référence (A2025),2040,86315.6174846805
Borough,REM16,Montréal-Nord,Référence (A2025),2041,86235.0729226994
Borough,REM05,Outremont,Référence (A2025),2021,24789.197908731338
Borough,REM05,Outremont,Référence (A2025),2022,25062.12250496186
Borough,REM05,Outremont,Référence (A2025),2023,25991.094349297684
Borough,REM05,Outremont,Référence (A2025),2024,27177.330036773612
Borough,REM05,Outremont,Référence (A2025),2025,27076.77151692987
Borough,REM05,Outremont,Référence (A2025),2026,26600.285071207392
Borough,REM05,Outremont,Référence (A2025),2027,25895.453389746384
Borough,REM05,Outremont,Référence (A2025),2028,25266.71815974257
Borough,REM05,Outremont,Référence (A2025),2029,24777.784139529846
Borough,REM05,Outremont,Référence (A2025),2030,24502.247089393964
Borough,REM05,Outremont,Référence (A2025),2031,24385.329299372814
Borough,REM05,Outremont,Référence (A2025),2032,24289.911865289352
Borough,REM05,Outremont,Référence (A2025),2033,24215.044803905275
Borough,REM05,Outremont,Référence (A2025),2034,24160.686204195357
Borough,REM05,Outremont,Référence (A2025),2035,24129.6720455328
Borough,REM05,Outremont,Référence (A2025),2036,24110.742232475244
Borough,REM05,Outremont,Référence (A2025),2037,24091.533012582895
Borough,REM05,Outremont,Référence (A2025),2038,24071.751008679206
Borough,REM05,Outremont,Référence (A2025),2039,24051.521953839845
Borough,REM05,Outremont,Référence (A2025),2040,24028.97382227166
Borough,REM05,Outremont,Référence (A2025),2041,24006.551423779136
Borough,REM31,Pierrefonds - Roxboro,Référence (A2025),2021,70839.79565602863
Borough,REM31,Pierrefonds - Roxboro,Référence (A2025),2022,71619.7290244925
Borough,REM31,Pierrefonds - Roxboro,Référence (A2025),2023,74274.4408011803
Borough,REM31,Pierrefonds - Roxboro,Référence (A2025),2024,77664.33239872509
Borough,REM31,Pierrefonds - Roxboro,Référence (A2025),2025,77376.96751409145
Borough,REM31,Pierrefonds - Roxboro,Référence (A2025),2026,76015.3178724966
Borough,REM31,Pierrefonds - Roxboro,Référence (A2025),2027,74001.12877003249
Borough,REM31,Pierrefonds - Roxboro,Référence (A2025),2028,72204.39959068583
Borough,REM31,Pierrefonds - Roxboro,Référence (A2025),2029,70807.17866370497
Borough,REM31,Pierrefonds - Roxboro,Référence (A2025),2030,70019.77971682676
Borough,REM31,Pierrefonds - Roxboro,Référence (A2025),2031,69685.66514062518
Borough,REM31,Pierrefonds - Roxboro,Référence (A2025),2032,69412.9918755449
Borough,REM31,Pierrefonds - Roxboro,Référence (A2025),2033,69199.0451657989
Borough,REM31,Pierrefonds - Roxboro,Référence (A2025),2034,69043.70524274951
Borough,REM31,Pierrefonds - Roxboro,Référence (A2025),2035,68955.07645087862
Borough,REM31,Pierrefonds - Roxboro,Référence (A2025),2036,68900.980949534
Borough,REM31,Pierrefonds - Roxboro,Référence (A2025),2037,68846.08699060495
Borough,REM31,Pierrefonds - Roxboro,Référence (A2025),2038,68789.55619362784
Borough,REM31,Pierrefonds - Roxboro,Référence (A2025),2039,68731.74786451565
Borough,REM31,Pierrefonds - Roxboro,Référence (A2025),2040,68667.31233745276
Borough,REM31,Pierrefonds - Roxboro,Référence (A2025),2041,68603.23611630285
Borough,REM33,Rivière-des-Prairies - Pointe-aux-Trembles,Référence (A2025),2021,108643.09600334438
Borough,REM33,Rivière-des-Prairies - Pointe-aux-Trembles,Référence (A2025),2022,109839.23688773753
Borough,REM33,Rivière-des-Prairies - Pointe-aux-Trembles,Référence (A2025),2023,113910.62224034841
Borough,REM33,Rivière-des-Prairies - Pointe-aux-Trembles,Référence (A2025),2024,119109.5124243526
Borough,REM33,Rivière-des-Prairies - Pointe-aux-Trembles,Référence (A2025),2025,118668.79671561685
Borough,REM33,Rivière-des-Prairies - Pointe-aux-Trembles,Référence (A2025),2026,116580.50959727139
Borough,REM33,Rivière-des-Prairies - Pointe-aux-Trembles,Référence (A2025),2027,113491.45861961973
Borough,REM33,Rivière-des-Prairies - Pointe-aux-Trembles,Référence (A2025),2028,110735.91395837316
Borough,REM33,Rivière-des-Prairies - Pointe-aux-Trembles,Référence (A2025),2029,108593.07311725977
Borough,REM33,Rivière-des-Prairies - Pointe-aux-Trembles,Référence (A2025),2030,107385.48268611287
Borough,REM33,Rivière-des-Prairies - Pointe-aux-Trembles,Référence (A2025),2031,106873.0695482399
Borough,REM33,Rivière-des-Prairies - Pointe-aux-Trembles,Référence (A2025),2032,106454.88556787519
Borough,REM33,Rivière-des-Prairies - Pointe-aux-Trembles,Référence (A2025),2033,106126.7672734719
Borough,REM33,Rivière-des-Prairies - Pointe-aux-Trembles,Référence (A2025),2034,105888.53098246177
Borough,REM33,Rivière-des-Prairies - Pointe-aux-Trembles,Référence (A2025),2035,105752.60588196255
Borough,REM33,Rivière-des-Prairies - Pointe-aux-Trembles,Référence (A2025),2036,105669.64258863982
Borough,REM33,Rivière-des-Prairies - Pointe-aux-Trembles,Référence (A2025),2037,105585.45474486216
Borough,REM33,Rivière-des-Prairies - Pointe-aux-Trembles,Référence (A2025),2038,105498.75657265184
Borough,REM33,Rivière-des-Prairies - Pointe-aux-Trembles,Référence (A2025),2039,105410.09911971362
Borough,REM33,Rivière-des-Prairies - Pointe-aux-Trembles,Référence (A2025),2040,105311.27789799932
Borough,REM33,Rivière-des-Prairies - Pointe-aux-Trembles,Référence (A2025),2041,105213.00772398974
Borough,REM24,Rosemont - La Petite-Patrie,Référence (A2025),2021,142735.4144720012
Borough,REM24,Rosemont - La Petite-Patrie,Référence (A2025),2022,144306.90563141645
Borough,REM24,Rosemont - La Petite-Patrie,Référence (A2025),2023,149655.89601514282
Borough,REM24,Rosemont - La Petite-Patrie,Référence (A2025),2024,156486.20343923735
Borough,REM24,Rosemont - La Petite-Patrie,Référence (A2025),2025,155907.1906748295
Borough,REM24,Rosemont - La Petite-Patrie,Référence (A2025),2026,153163.59684937002
Borough,REM24,Rosemont - La Petite-Patrie,Référence (A2025),2027,149105.1984067605
Borough,REM24,Rosemont - La Petite-Patrie,Référence (A2025),2028,145484.96091548877
Borough,REM24,Rosemont - La Petite-Patrie,Référence (A2025),2029,142669.6943513397
Borough,REM24,Rosemont - La Petite-Patrie,Référence (A2025),2030,141083.1607652859
Borough,REM24,Rosemont - La Petite-Patrie,Référence (A2025),2031,140409.9518426228
Borough,REM24,Rosemont - La Petite-Patrie,Référence (A2025),2032,139860.5412867871
Borough,REM24,Rosemont - La Petite-Patrie,Référence (A2025),2033,139429.4591244557
Borough,REM24,Rosemont - La Petite-Patrie,Référence (A2025),2034,139116.46403327608
Borough,REM24,Rosemont - La Petite-Patrie,Référence (A2025),2035,138937.88549243342
Borough,REM24,Rosemont - La Petite-Patrie,Référence (A2025),2036,138828.8882298921
Borough,REM24,Rosemont - La Petite-Patrie,Référence (A2025),2037,138718.28215166746
Borough,REM24,Rosemont - La Petite-Patrie,Référence (A2025),2038,138604.37800129215
Borough,REM24,Rosemont - La Petite-Patrie,Référence (A2025),2039,138487.89974582364
Borough,REM24,Rosemont - La Petite-Patrie,Référence (A2025),2040,138358.068320184
Borough,REM24,Rosemont - La Petite-Patrie,Référence (A2025),2041,138228.96086160178
Borough,REM15,Saint-Laurent,Référence (A2025),2021,102768.12957379936
Borough,REM15,Saint-Laurent,Référence (A2025),2022,103899.58813783042
Borough,REM15,Saint-Laurent,Référence (A2025),2023,107750.80991679283
Borough,REM15,Saint-Laurent,Référence (A2025),2024,112668.56575885066
Borough,REM15,Saint-Laurent,Référence (A2025),2025,112251.68212126386
Borough,REM15,Saint-Laurent,Référence (A2025),2026,110276.3208782557
Borough,REM15,Saint-Laurent,Référence (A2025),2027,107354.31291999939
Borough,REM15,Saint-Laurent,Référence (A2025),2028,104747.77664470157
Borough,REM15,Saint-Laurent,Référence (A2025),2029,102720.81171718524
Borough,REM15,Saint-Laurent,Référence (A2025),2030,101578.5227502327
Borough,REM15,Saint-Laurent,Référence (A2025),2031,101093.81878205213
Borough,REM15,Saint-Laurent,Référence (A2025),2032,100698.24845074929
Borough,REM15,Saint-Laurent,Référence (A2025),2033,100387.87342798912
Borough,REM15,Saint-Laurent,Référence (A2025),2034,100162.51996399215
Borough,REM15,Saint-Laurent,Référence (A2025),2035,100033.94512717045
Borough,REM15,Saint-Laurent,Référence (A2025),2036,99955.46814343467
Borough,REM15,Saint-Laurent,Référence (A2025),2037,99875.83282783563
Borough,REM15,Saint-Laurent,Référence (A2025),2038,99793.82293191692
Borough,REM15,Saint-Laurent,Référence (A2025),2039,99709.959705017
Borough,REM15,Saint-Laurent,Référence (A2025),2040,99616.48232365202
Borough,REM15,Saint-Laurent,Référence (A2025),2041,99523.52619162551
Borough,REM14,Saint-Léonard,Référence (A2025),2021,80012.07063845862
Borough,REM14,Saint-Léonard,Référence (A2025),2022,80892.9890995145
Borough,REM14,Saint-Léonard,Référence (A2025),2023,83891.43064263345
Borough,REM14,Saint-Léonard,Référence (A2025),2024,87720.242448874
Borough,REM14,Saint-Léonard,Référence (A2025),2025,87395.66980950668
Borough,REM14,Saint-Léonard,Référence (A2025),2026,85857.7149594231
Borough,REM14,Saint-Léonard,Référence (A2025),2027,83582.73040796982
Borough,REM14,Saint-Léonard,Référence (A2025),2028,81553.36230089469
Borough,REM14,Saint-Léonard,Référence (A2025),2029,79975.23042640484
Borough,REM14,Saint-Léonard,Référence (A2025),2030,79085.87975035011
Borough,REM14,Saint-Léonard,Référence (A2025),2031,78708.50431010766
Borough,REM14,Saint-Léonard,Référence (A2025),2032,78400.52554838512
Borough,REM14,Saint-Léonard,Référence (A2025),2033,78158.8772051829
Borough,REM14,Saint-Léonard,Référence (A2025),2034,77983.42400432457
Borough,REM14,Saint-Léonard,Référence (A2025),2035,77883.31963375004
Borough,REM14,Saint-Léonard,Référence (A2025),2036,77822.21989405251
Borough,REM14,Saint-Léonard,Référence (A2025),2037,77760.21831317864
Borough,REM14,Saint-Léonard,Référence (A2025),2038,77696.36795789328
Borough,REM14,Saint-Léonard,Référence (A2025),2039,77631.07465672574
Borough,REM14,Saint-Léonard,Référence (A2025),2040,77558.29607379453
Borough,REM14,Saint-Léonard,Référence (A2025),2041,77485.92331939268
Borough,REM12,Verdun,Référence (A2025),2021,70834.76313381725
Borough,REM12,Verdun,Référence (A2025),2022,71614.6410951196
Borough,REM12,Verdun,Référence (A2025),2023,74269.16427871709
Borough,REM12,Verdun,Référence (A2025),2024,77658.81505534193
Borough,REM12,Verdun,Référence (A2025),2025,77371.47058536577
Borough,REM12,Verdun,Référence (A2025),2026,76009.91767657487
Borough,REM12,Verdun,Référence (A2025),2027,73995.87166389952
Borough,REM12,Verdun,Référence (A2025),2028,72199.27012579491
Borough,REM12,Verdun,Référence (A2025),2029,70802.1484586338
Borough,REM12,Verdun,Référence (A2025),2030,70014.80544927846
Borough,REM12,Verdun,Référence (A2025),2031,69680.71460887411
Borough,REM12,Verdun,Référence (A2025),2032,69408.06071474557
Borough,REM12,Verdun,Référence (A2025),2033,69194.12920396449
Borough,REM12,Verdun,Référence (A2025),2034,69038.80031640167
Borough,REM12,Verdun,Référence (A2025),2035,68950.17782079913
Borough,REM12,Verdun,Référence (A2025),2036,68896.08616244713
Borough,REM12,Verdun,Référence (A2025),2037,68841.19610323384
Borough,REM12,Verdun,Référence (A2025),2038,68784.66932225492
Borough,REM12,Verdun,Référence (A2025),2039,68726.86509989796
Borough,REM12,Verdun,Référence (A2025),2040,68662.43415039232
Borough,REM12,Verdun,Référence (A2025),2041,68598.36248127428
Borough,REM19,Ville-Marie,Référence (A2025),2021,105626.60218985348
Borough,REM19,Ville-Marie,Référence (A2025),2022,106789.53202162967
Borough,REM19,Ville-Marie,Référence (A2025),2023,110747.87467589817
Borough,REM19,Ville-Marie,Référence (A2025),2024,115802.416800486
Borough,REM19,Ville-Marie,Référence (A2025),2025,115373.93763744725
Borough,REM19,Ville-Marie,Référence (A2025),2026,113343.63216179254
Borough,REM19,Ville-Marie,Référence (A2025),2027,110340.34920352206
Borough,REM19,Ville-Marie,Référence (A2025),2028,107661.31270274977
Borough,REM19,Ville-Marie,Référence (A2025),2029,105577.96819760527
Borough,REM19,Ville-Marie,Référence (A2025),2030,104403.90671766455
Borough,REM19,Ville-Marie,Référence (A2025),2031,103905.72081665437
Borough,REM19,Ville-Marie,Référence (A2025),2032,103499.14778476291
Borough,REM19,Ville-Marie,Référence (A2025),2033,103180.13974993037
Borough,REM19,Ville-Marie,Référence (A2025),2034,102948.51812956585
Borough,REM19,Ville-Marie,Référence (A2025),2035,102816.36701231856
Borough,REM19,Ville-Marie,Référence (A2025),2036,102735.70720877349
Borough,REM19,Ville-Marie,Référence (A2025),2037,102653.85685462257
Borough,REM19,Ville-Marie,Référence (A2025),2038,102569.5658717297
Borough,REM19,Ville-Marie,Référence (A2025),2039,102483.3700078675
Borough,REM19,Ville-Marie,Référence (A2025),2040,102387.2925739769
Borough,REM19,Ville-Marie,Référence (A2025),2041,102291.75088785893
Borough,REM25,Villeray - Saint-Michel - Parc-Extension,Référence (A2025),2021,146033.7295293284
Borough,REM25,Villeray - Saint-Michel - Parc-Extension,Référence (A2025),2022,147641.53454240595
Borough,REM25,Villeray - Saint-Michel - Parc-Extension,Référence (A2025),2023,153114.12883753303
Borough,REM25,Villeray - Saint-Michel - Parc-Extension,Référence (A2025),2024,160102.27029256092
Borough,REM25,Villeray - Saint-Michel - Parc-Extension,Référence (A2025),2025,159509.8777616369
Borough,REM25,Villeray - Saint-Michel - Parc-Extension,Référence (A2025),2026,156702.88525646518
Borough,REM25,Villeray - Saint-Michel - Parc-Extension,Référence (A2025),2027,152550.70576630408
Borough,REM25,Villeray - Saint-Michel - Parc-Extension,Référence (A2025),2028,148846.81220500424
Borough,REM25,Villeray - Saint-Michel - Parc-Extension,Référence (A2025),2029,145966.4907549793
Borough,REM25,Villeray - Saint-Michel - Parc-Extension,Référence (A2025),2030,144343.29571643876
Borough,REM25,Villeray - Saint-Michel - Parc-Extension,Référence (A2025),2031,143654.5303522677
Borough,REM25,Villeray - Saint-Michel - Parc-Extension,Référence (A2025),2032,143092.42407466128
Borough,REM25,Villeray - Saint-Michel - Parc-Extension,Référence (A2025),2033,142651.3805107238
Borough,REM25,Villeray - Saint-Michel - Parc-Extension,Référence (A2025),2034,142331.1527616511
Borough,REM25,Villeray - Saint-Michel - Parc-Extension,Référence (A2025),2035,142148.44764652863
Borough,REM25,Villeray - Saint-Michel - Parc-Extension,Référence (A2025),2036,142036.93168662282
Borough,REM25,Villeray - Saint-Michel - Parc-Extension,Référence (A2025),2037,141923.76973468886
Borough,REM25,Villeray - Saint-Michel - Parc-Extension,Référence (A2025),2038,141807.23349909726
Borough,REM25,Villeray - Saint-Michel - Parc-Extension,Référence (A2025),2039,141688.06367626064
Borough,REM25,Villeray - Saint-Michel - Parc-Extension,Référence (A2025),2040,141555.23211959054
Borough,REM25,Villeray - Saint-Michel - Parc-Extension,Référence (A2025),2041,141423.1412593331
Municipality,66007,Montréal-Est,Référence (A2025),2021,4434.0
Municipality,66007,Montréal-Est,Référence (A2025),2022,4587.0
Municipality,66007,Montréal-Est,Référence (A2025),2023,4728.0
Municipality,66007,Montréal-Est,Référence (A2025),2024,4910.0
Municipality,66007,Montréal-Est,Référence (A2025),2025,4958.0
Municipality,66007,Montréal-Est,Référence (A2025),2026,4939.0
Municipality,66007,Montréal-Est,Référence (A2025),2027,4871.0
Municipality,66007,Montréal-Est,Référence (A2025),2028,4819.0
Municipality,66007,Montréal-Est,Référence (A2025),2029,4788.0
Municipality,66007,Montréal-Est,Référence (A2025),2030,4791.0
Municipality,66007,Montréal-Est,Référence (A2025),2031,4829.0
Municipality,66007,Montréal-Est,Référence (A2025),2032,4865.0
Municipality,66007,Montréal-Est,Référence (A2025),2033,4908.0
Municipality,66007,Montréal-Est,Référence (A2025),2034,4953.0
Municipality,66007,Montréal-Est,Référence (A2025),2035,5002.0
Municipality,66007,Montréal-Est,Référence (A2025),2036,5051.0
Municipality,66007,Montréal-Est,Référence (A2025),2037,5106.0
Municipality,66007,Montréal-Est,Référence (A2025),2038,5157.0
Municipality,66007,Montréal-Est,Référence (A2025),2039,5214.0
Municipality,66007,Montréal-Est,Référence (A2025),2040,5260.0
Municipality,66007,Montréal-Est,Référence (A2025),2041,5316.0
Municipality,66032,Westmount,Référence (A2025),2021,19581.0
Municipality,66032,Westmount,Référence (A2025),2022,19235.0
Municipality,66032,Westmount,Référence (A2025),2023,19834.0
Municipality,66032,Westmount,Référence (A2025),2024,20315.0
Municipality,66032,Westmount,Référence (A2025),2025,20128.0
Municipality,66032,Westmount,Référence (A2025),2026,19706.0
Municipality,66032,Westmount,Référence (A2025),2027,19146.0
Municipality,66032,Westmount,Référence (A2025),2028,18630.0
Municipality,66032,Westmount,Référence (A2025),2029,18201.0
Municipality,66032,Westmount,Référence (A2025),2030,17913.0
Municipality,66032,Westmount,Référence (A2025),2031,17719.0
Municipality,66032,Westmount,Référence (A2025),2032,17532.0
Municipality,66032,Westmount,Référence (A2025),2033,17345.0
Municipality,66032,Westmount,Référence (A2025),2034,17171.0
Municipality,66032,Westmount,Référence (A2025),2035,17027.0
Municipality,66032,Westmount,Référence (A2025),2036,16883.0
Municipality,66032,Westmount,Référence (A2025),2037,16739.0
Municipality,66032,Westmount,Référence (A2025),2038,16587.0
Municipality,66032,Westmount,Référence (A2025),2039,16433.0
Municipality,66032,Westmount,Référence (A2025),2040,16314.0
Municipality,66032,Westmount,Référence (A2025),2041,16189.0
Municipality,66047,Montréal-Ouest,Référence (A2025),2021,5128.0
Municipality,66047,Montréal-Ouest,Référence (A2025),2022,5123.0
Municipality,66047,Montréal-Ouest,Référence (A2025),2023,5210.0
Municipality,66047,Montréal-Ouest,Référence (A2025),2024,5363.0
Municipality,66047,Montréal-Ouest,Référence (A2025),2025,5340.0
Municipality,66047,Montréal-Ouest,Référence (A2025),2026,5249.0
Municipality,66047,Montréal-Ouest,Référence (A2025),2027,5120.0
Municipality,66047,Montréal-Ouest,Référence (A2025),2028,4998.0
Municipality,66047,Montréal-Ouest,Référence (A2025),2029,4900.0
Municipality,66047,Montréal-Ouest,Référence (A2025),2030,4842.0
Municipality,66047,Montréal-Ouest,Référence (A2025),2031,4809.0
Municipality,66047,Montréal-Ouest,Référence (A2025),2032,4782.0
Municipality,66047,Montréal-Ouest,Référence (A2025),2033,4753.0
Municipality,66047,Montréal-Ouest,Référence (A2025),2034,4730.0
Municipality,66047,Montréal-Ouest,Référence (A2025),2035,4710.0
Municipality,66047,Montréal-Ouest,Référence (A2025),2036,4689.0
Municipality,66047,Montréal-Ouest,Référence (A2025),2037,4674.0
Municipality,66047,Montréal-Ouest,Référence (A2025),2038,4653.0
Municipality,66047,Montréal-Ouest,Référence (A2025),2039,4636.0
Municipality,66047,Montréal-Ouest,Référence (A2025),2040,4624.0
Municipality,66047,Montréal-Ouest,Référence (A2025),2041,4610.0
Municipality,66058,Côte-Saint-Luc,Référence (A2025),2021,34474.0
Municipality,66058,Côte-Saint-Luc,Référence (A2025),2022,35163.0
Municipality,66058,Côte-Saint-Luc,Référence (A2025),2023,37087.0
Municipality,66058,Côte-Saint-Luc,Référence (A2025),2024,38303.0
Municipality,66058,Côte-Saint-Luc,Référence (A2025),2025,38579.0
Municipality,66058,Côte-Saint-Luc,Référence (A2025),2026,38374.0
Municipality,66058,Côte-Saint-Luc,Référence (A2025),2027,37853.0
Municipality,66058,Côte-Saint-Luc,Référence (A2025),2028,37392.0
Municipality,66058,Côte-Saint-Luc,Référence (A2025),2029,37070.0
Municipality,66058,Côte-Saint-Luc,Référence (A2025),2030,36975.0
Municipality,66058,Côte-Saint-Luc,Référence (A2025),2031,37073.0
Municipality,66058,Côte-Saint-Luc,Référence (A2025),2032,37188.0
Municipality,66058,Côte-Saint-Luc,Référence (A2025),2033,37313.0
Municipality,66058,Côte-Saint-Luc,Référence (A2025),2034,37456.0
Municipality,66058,Côte-Saint-Luc,Référence (A2025),2035,37631.0
Municipality,66058,Côte-Saint-Luc,Référence (A2025),2036,37811.0
Municipality,66058,Côte-Saint-Luc,Référence (A2025),2037,37982.0
Municipality,66058,Côte-Saint-Luc,Référence (A2025),2038,38145.0
Municipality,66058,Côte-Saint-Luc,Référence (A2025),2039,38300.0
Municipality,66058,Côte-Saint-Luc,Référence (A2025),2040,38484.0
Municipality,66058,Côte-Saint-Luc,Référence (A2025),2041,38659.0
Municipality,66062,Hampstead,Référence (A2025),2021,7054.0
Municipality,66062,Hampstead,Référence (A2025),2022,7011.0
Municipality,66062,Hampstead,Référence (A2025),2023,7360.0
Municipality,66062,Hampstead,Référence (A2025),2024,7565.0
Municipality,66062,Hampstead,Référence (A2025),2025,7533.0
Municipality,66062,Hampstead,Référence (A2025),2026,7399.0
Municipality,66062,Hampstead,Référence (A2025),2027,7200.0
Municipality,66062,Hampstead,Référence (A2025),2028,7019.0
Municipality,66062,Hampstead,Référence (A2025),2029,6872.0
Municipality,66062,Hampstead,Référence (A2025),2030,6794.0
Municipality,66062,Hampstead,Référence (A2025),2031,6760.0
Municipality,66062,Hampstead,Référence (A2025),2032,6725.0
Municipality,66062,Hampstead,Référence (A2025),2033,6695.0
Municipality,66062,Hampstead,Référence (A2025),2034,6668.0
Municipality,66062,Hampstead,Référence (A2025),2035,6662.0
Municipality,66062,Hampstead,Référence (A2025),2036,6658.0
Municipality,66062,Hampstead,Référence (A2025),2037,6655.0
Municipality,66062,Hampstead,Référence (A2025),2038,6653.0
Municipality,66062,Hampstead,Référence (A2025),2039,6646.0
Municipality,66062,Hampstead,Référence (A2025),2040,6658.0
Municipality,66062,Hampstead,Référence (A2025),2041,6671.0
Municipality,66072,Mont-Royal,Référence (A2025),2021,20939.0
Municipality,66072,Mont-Royal,Référence (A2025),2022,20645.0
Municipality,66072,Mont-Royal,Référence (A2025),2023,21534.0
Municipality,66072,Mont-Royal,Référence (A2025),2024,22358.0
Municipality,66072,Mont-Royal,Référence (A2025),2025,22292.0
Municipality,66072,Mont-Royal,Référence (A2025),2026,21948.0
Municipality,66072,Mont-Royal,Référence (A2025),2027,21427.0
Municipality,66072,Mont-Royal,Référence (A2025),2028,20948.0
Municipality,66072,Mont-Royal,Référence (A2025),2029,20563.0
Municipality,66072,Mont-Royal,Référence (A2025),2030,20329.0
Municipality,66072,Mont-Royal,Référence (A2025),2031,20214.0
Municipality,66072,Mont-Royal,Référence (A2025),2032,20112.0
Municipality,66072,Mont-Royal,Référence (A2025),2033,20016.0
Municipality,66072,Mont-Royal,Référence (A2025),2034,19927.0
Municipality,66072,Mont-Royal,Référence (A2025),2035,19878.0
Municipality,66072,Mont-Royal,Référence (A2025),2036,19838.0
Municipality,66072,Mont-Royal,Référence (A2025),2037,19803.0
Municipality,66072,Mont-Royal,Référence (A2025),2038,19760.0
Municipality,66072,Mont-Royal,Référence (A2025),2039,19718.0
Municipality,66072,Mont-Royal,Référence (A2025),2040,19695.0
Municipality,66072,Mont-Royal,Référence (A2025),2041,19676.0
Municipality,66087,Dorval,Référence (A2025),2021,19359.0
Municipality,66087,Dorval,Référence (A2025),2022,19675.0
Municipality,66087,Dorval,Référence (A2025),2023,20087.0
Municipality,66087,Dorval,Référence (A2025),2024,20730.0
Municipality,66087,Dorval,Référence (A2025),2025,20696.0
Municipality,66087,Dorval,Référence (A2025),2026,20408.0
Municipality,66087,Dorval,Référence (A2025),2027,19964.0
Municipality,66087,Dorval,Référence (A2025),2028,19571.0
Municipality,66087,Dorval,Référence (A2025),2029,19272.0
Municipality,66087,Dorval,Référence (A2025),2030,19086.0
Municipality,66087,Dorval,Référence (A2025),2031,19007.0
Municipality,66087,Dorval,Référence (A2025),2032,18937.0
Municipality,66087,Dorval,Référence (A2025),2033,18882.0
Municipality,66087,Dorval,Référence (A2025),2034,18841.0
Municipality,66087,Dorval,Référence (A2025),2035,18796.0
Municipality,66087,Dorval,Référence (A2025),2036,18763.0
Municipality,66087,Dorval,Référence (A2025),2037,18720.0
Municipality,66087,Dorval,Référence (A2025),2038,18684.0
Municipality,66087,Dorval,Référence (A2025),2039,18644.0
Municipality,66087,Dorval,Référence (A2025),2040,18596.0
Municipality,66087,Dorval,Référence (A2025),2041,18543.0
Municipality,66092,L'Île-Dorval,Référence (A2025),2021,10.0
Municipality,66092,L'Île-Dorval,Référence (A2025),2022,9.0
Municipality,66092,L'Île-Dorval,Référence (A2025),2023,9.0
Municipality,66092,L'Île-Dorval,Référence (A2025),2024,9.0
Municipality,66092,L'Île-Dorval,Référence (A2025),2025,9.0
Municipality,66092,L'Île-Dorval,Référence (A2025),2026,8.0
Municipality,66092,L'Île-Dorval,Référence (A2025),2027,8.0
Municipality,66092,L'Île-Dorval,Référence (A2025),2028,7.0
Municipality,66092,L'Île-Dorval,Référence (A2025),2029,7.0
Municipality,66092,L'Île-Dorval,Référence (A2025),2030,6.0
Municipality,66092,L'Île-Dorval,Référence (A2025),2031,7.0
Municipality,66092,L'Île-Dorval,Référence (A2025),2032,5.0
Municipality,66092,L'Île-Dorval,Référence (A2025),2033,6.0
Municipality,66092,L'Île-Dorval,Référence (A2025),2034,7.0
Municipality,66092,L'Île-Dorval,Référence (A2025),2035,6.0
Municipality,66092,L'Île-Dorval,Référence (A2025),2036,4.0
Municipality,66092,L'Île-Dorval,Référence (A2025),2037,4.0
Municipality,66092,L'Île-Dorval,Référence (A2025),2038,4.0
Municipality,66092,L'Île-Dorval,Référence (A2025),2039,4.0
Municipality,66092,L'Île-Dorval,Référence (A2025),2040,3.0
Municipality,66092,L'Île-Dorval,Référence (A2025),2041,3.0
Municipality,66097,Pointe-Claire,Référence (A2025),2021,33453.0
Municipality,66097,Pointe-Claire,Référence (A2025),2022,33851.0
Municipality,66097,Pointe-Claire,Référence (A2025),2023,35012.0
Municipality,66097,Pointe-Claire,Référence (A2025),2024,36194.0
Municipality,66097,Pointe-Claire,Référence (A2025),2025,36716.0
Municipality,66097,Pointe-Claire,Référence (A2025),2026,36835.0
Municipality,66097,Pointe-Claire,Référence (A2025),2027,36691.0
Municipality,66097,Pointe-Claire,Référence (A2025),2028,36625.0
Municipality,66097,Pointe-Claire,Référence (A2025),2029,36707.0
Municipality,66097,Pointe-Claire,Référence (A2025),2030,36596.0
Municipality,66097,Pointe-Claire,Référence (A2025),2031,36659.0
Municipality,66097,Pointe-Claire,Référence (A2025),2032,36737.0
Municipality,66097,Pointe-Claire,Référence (A2025),2033,36832.0
Municipality,66097,Pointe-Claire,Référence (A2025),2034,36951.0
Municipality,66097,Pointe-Claire,Référence (A2025),2035,36926.0
Municipality,66097,Pointe-Claire,Référence (A2025),2036,36909.0
Municipality,66097,Pointe-Claire,Référence (A2025),2037,36887.0
Municipality,66097,Pointe-Claire,Référence (A2025),2038,36871.0
Municipality,66097,Pointe-Claire,Référence (A2025),2039,36848.0
Municipality,66097,Pointe-Claire,Référence (A2025),2040,36764.0
Municipality,66097,Pointe-Claire,Référence (A2025),2041,36663.0
Municipality,66102,Kirkland,Référence (A2025),2021,19456.0
Municipality,66102,Kirkland,Référence (A2025),2022,19303.0
Municipality,66102,Kirkland,Référence (A2025),2023,19433.0
Municipality,66102,Kirkland,Référence (A2025),2024,19518.0
Municipality,66102,Kirkland,Référence (A2025),2025,19448.0
Municipality,66102,Kirkland,Référence (A2025),2026,19154.0
Municipality,66102,Kirkland,Référence (A2025),2027,18731.0
Municipality,66102,Kirkland,Référence (A2025),2028,18356.0
Municipality,66102,Kirkland,Référence (A2025),2029,18075.0
Municipality,66102,Kirkland,Référence (A2025),2030,17774.0
Municipality,66102,Kirkland,Référence (A2025),2031,17571.0
Municipality,66102,Kirkland,Référence (A2025),2032,17377.0
Municipality,66102,Kirkland,Référence (A2025),2033,17192.0
Municipality,66102,Kirkland,Référence (A2025),2034,17020.0
Municipality,66102,Kirkland,Référence (A2025),2035,16857.0
Municipality,66102,Kirkland,Référence (A2025),2036,16695.0
Municipality,66102,Kirkland,Référence (A2025),2037,16533.0
Municipality,66102,Kirkland,Référence (A2025),2038,16377.0
Municipality,66102,Kirkland,Référence (A2025),2039,16221.0
Municipality,66102,Kirkland,Référence (A2025),2040,16094.0
Municipality,66102,Kirkland,Référence (A2025),2041,15966.0
Municipality,66107,Beaconsfield,Référence (A2025),2021,19294.0
Municipality,66107,Beaconsfield,Référence (A2025),2022,19013.0
Municipality,66107,Beaconsfield,Référence (A2025),2023,19173.0
Municipality,66107,Beaconsfield,Référence (A2025),2024,19356.0
Municipality,66107,Beaconsfield,Référence (A2025),2025,19350.0
Municipality,66107,Beaconsfield,Référence (A2025),2026,19117.0
Municipality,66107,Beaconsfield,Référence (A2025),2027,18744.0
Municipality,66107,Beaconsfield,Référence (A2025),2028,18408.0
Municipality,66107,Beaconsfield,Référence (A2025),2029,18157.0
Municipality,66107,Beaconsfield,Référence (A2025),2030,17909.0
Municipality,66107,Beaconsfield,Référence (A2025),2031,17753.0
Municipality,66107,Beaconsfield,Référence (A2025),2032,17606.0
Municipality,66107,Beaconsfield,Référence (A2025),2033,17463.0
Municipality,66107,Beaconsfield,Référence (A2025),2034,17329.0
Municipality,66107,Beaconsfield,Référence (A2025),2035,17220.0
Municipality,66107,Beaconsfield,Référence (A2025),2036,17109.0
Municipality,66107,Beaconsfield,Référence (A2025),2037,17001.0
Municipality,66107,Beaconsfield,Référence (A2025),2038,16887.0
Municipality,66107,Beaconsfield,Référence (A2025),2039,16776.0
Municipality,66107,Beaconsfield,Référence (A2025),2040,16713.0
Municipality,66107,Beaconsfield,Référence (A2025),2041,16649.0
Municipality,66112,Baie-D'Urfé,Référence (A2025),2021,3771.0
Municipality,66112,Baie-D'Urfé,Référence (A2025),2022,3714.0
Municipality,66112,Baie-D'Urfé,Référence (A2025),2023,3704.0
Municipality,66112,Baie-D'Urfé,Référence (A2025),2024,3707.0
Municipality,66112,Baie-D'Urfé,Référence (A2025),2025,3692.0
Municipality,66112,Baie-D'Urfé,Référence (A2025),2026,3639.0
Municipality,66112,Baie-D'Urfé,Référence (A2025),2027,3557.0
Municipality,66112,Baie-D'Urfé,Référence (A2025),2028,3485.0
Municipality,66112,Baie-D'Urfé,Référence (A2025),2029,3430.0
Municipality,66112,Baie-D'Urfé,Référence (A2025),2030,3376.0
Municipality,66112,Baie-D'Urfé,Référence (A2025),2031,3342.0
Municipality,66112,Baie-D'Urfé,Référence (A2025),2032,3309.0
Municipality,66112,Baie-D'Urfé,Référence (A2025),2033,3275.0
Municipality,66112,Baie-D'Urfé,Référence (A2025),2034,3239.0
Municipality,66112,Baie-D'Urfé,Référence (A2025),2035,3217.0
Municipality,66112,Baie-D'Urfé,Référence (A2025),2036,3194.0
Municipality,66112,Baie-D'Urfé,Référence (A2025),2037,3171.0
Municipality,66112,Baie-D'Urfé,Référence (A2025),2038,3142.0
Municipality,66112,Baie-D'Urfé,Référence (A2025),2039,3118.0
Municipality,66112,Baie-D'Urfé,Référence (A2025),2040,3099.0
Municipality,66112,Baie-D'Urfé,Référence (A2025),2041,3080.0
Municipality,66117,Sainte-Anne-de-Bellevue,Référence (A2025),2021,5063.0
Municipality,66117,Sainte-Anne-de-Bellevue,Référence (A2025),2022,5104.0
Municipality,66117,Sainte-Anne-de-Bellevue,Référence (A2025),2023,5320.0
Municipality,66117,Sainte-Anne-de-Bellevue,Référence (A2025),2024,5487.0
Municipality,66117,Sainte-Anne-de-Bellevue,Référence (A2025),2025,5535.0
Municipality,66117,Sainte-Anne-de-Bellevue,Référence (A2025),2026,5513.0
Municipality,66117,Sainte-Anne-de-Bellevue,Référence (A2025),2027,5450.0
Municipality,66117,Sainte-Anne-de-Bellevue,Référence (A2025),2028,5401.0
Municipality,66117,Sainte-Anne-de-Bellevue,Référence (A2025),2029,5382.0
Municipality,66117,Sainte-Anne-de-Bellevue,Référence (A2025),2030,5358.0
Municipality,66117,Sainte-Anne-de-Bellevue,Référence (A2025),2031,5365.0
Municipality,66117,Sainte-Anne-de-Bellevue,Référence (A2025),2032,5376.0
Municipality,66117,Sainte-Anne-de-Bellevue,Référence (A2025),2033,5391.0
Municipality,66117,Sainte-Anne-de-Bellevue,Référence (A2025),2034,5403.0
Municipality,66117,Sainte-Anne-de-Bellevue,Référence (A2025),2035,5404.0
Municipality,66117,Sainte-Anne-de-Bellevue,Référence (A2025),2036,5405.0
Municipality,66117,Sainte-Anne-de-Bellevue,Référence (A2025),2037,5408.0
Municipality,66117,Sainte-Anne-de-Bellevue,Référence (A2025),2038,5410.0
Municipality,66117,Sainte-Anne-de-Bellevue,Référence (A2025),2039,5414.0
Municipality,66117,Sainte-Anne-de-Bellevue,Référence (A2025),2040,5408.0
Municipality,66117,Sainte-Anne-de-Bellevue,Référence (A2025),2041,5396.0
Municipality,66127,Senneville,Référence (A2025),2021,955.0
Municipality,66127,Senneville,Référence (A2025),2022,968.0
Municipality,66127,Senneville,Référence (A2025),2023,1008.0
Municipality,66127,Senneville,Référence (A2025),2024,1022.0
Municipality,66127,Senneville,Référence (A2025),2025,1022.0
Municipality,66127,Senneville,Référence (A2025),2026,1014.0
Municipality,66127,Senneville,Référence (A2025),2027,996.0
Municipality,66127,Senneville,Référence (A2025),2028,981.0
Municipality,66127,Senneville,Référence (A2025),2029,969.0
Municipality,66127,Senneville,Référence (A2025),2030,957.0
Municipality,66127,Senneville,Référence (A2025),2031,953.0
Municipality,66127,Senneville,Référence (A2025),2032,943.0
Municipality,66127,Senneville,Référence (A2025),2033,940.0
Municipality,66127,Senneville,Référence (A2025),2034,932.0
Municipality,66127,Senneville,Référence (A2025),2035,929.0
Municipality,66127,Senneville,Référence (A2025),2036,926.0
Municipality,66127,Senneville,Référence (A2025),2037,923.0
Municipality,66127,Senneville,Référence (A2025),2038,916.0
Municipality,66127,Senneville,Référence (A2025),2039,912.0
Municipality,66127,Senneville,Référence (A2025),2040,914.0
Municipality,66127,Senneville,Référence (A2025),2041,909.0
Municipality,66142,Dollard-des-Ormeaux,Référence (A2025),2021,48492.0
Municipality,66142,Dollard-des-Ormeaux,Référence (A2025),2022,48622.0
Municipality,66142,Dollard-des-Ormeaux,Référence (A2025),2023,49578.0
Municipality,66142,Dollard-des-Ormeaux,Référence (A2025),2024,50611.0
Municipality,66142,Dollard-des-Ormeaux,Référence (A2025),2025,50516.0
Municipality,66142,Dollard-des-Ormeaux,Référence (A2025),2026,49809.0
Municipality,66142,Dollard-des-Ormeaux,Référence (A2025),2027,48727.0
Municipality,66142,Dollard-des-Ormeaux,Référence (A2025),2028,47769.0
Municipality,66142,Dollard-des-Ormeaux,Référence (A2025),2029,47046.0
Municipality,66142,Dollard-des-Ormeaux,Référence (A2025),2030,46402.0
Municipality,66142,Dollard-des-Ormeaux,Référence (A2025),2031,46012.0
Municipality,66142,Dollard-des-Ormeaux,Référence (A2025),2032,45638.0
Municipality,66142,Dollard-des-Ormeaux,Référence (A2025),2033,45288.0
Municipality,66142,Dollard-des-Ormeaux,Référence (A2025),2034,44968.0
Municipality,66142,Dollard-des-Ormeaux,Référence (A2025),2035,44636.0
Municipality,66142,Dollard-des-Ormeaux,Référence (A2025),2036,44316.0
Municipality,66142,Dollard-des-Ormeaux,Référence (A2025),2037,43993.0
Municipality,66142,Dollard-des-Ormeaux,Référence (A2025),2038,43669.0
Municipality,66142,Dollard-des-Ormeaux,Référence (A2025),2039,43340.0
Municipality,66142,Dollard-des-Ormeaux,Référence (A2025),2040,43053.0
Municipality,66142,Dollard-des-Ormeaux,Référence (A2025),2041,42764.0
Municipality,66007,Montréal-Est,Faible (D2025),2021,4434.0
Municipality,66007,Montréal-Est,Faible (D2025),2022,4587.0
Municipality,66007,Montréal-Est,Faible (D2025),2023,4728.0
Municipality,66007,Montréal-Est,Faible (D2025),2024,4910.0
Municipality,66007,Montréal-Est,Faible (D2025),2025,4921.0
Municipality,66007,Montréal-Est,Faible (D2025),2026,4849.0
Municipality,66007,Montréal-Est,Faible (D2025),2027,4729.0
Municipality,66007,Montréal-Est,Faible (D2025),2028,4627.0
Municipality,66007,Montréal-Est,Faible (D2025),2029,4556.0
Municipality,66007,Montréal-Est,Faible (D2025),2030,4525.0
Municipality,66007,Montréal-Est,Faible (D2025),2031,4533.0
Municipality,66007,Montréal-Est,Faible (D2025),2032,4548.0
Municipality,66007,Montréal-Est,Faible (D2025),2033,4564.0
Municipality,66007,Montréal-Est,Faible (D2025),2034,4587.0
Municipality,66007,Montréal-Est,Faible (D2025),2035,4616.0
Municipality,66007,Montréal-Est,Faible (D2025),2036,4645.0
Municipality,66007,Montréal-Est,Faible (D2025),2037,4677.0
Municipality,66007,Montréal-Est,Faible (D2025),2038,4708.0
Municipality,66007,Montréal-Est,Faible (D2025),2039,4742.0
Municipality,66007,Montréal-Est,Faible (D2025),2040,4766.0
Municipality,66007,Montréal-Est,Faible (D2025),2041,4795.0
Municipality,66032,Westmount,Faible (D2025),2021,19581.0
Municipality,66032,Westmount,Faible (D2025),2022,19235.0
Municipality,66032,Westmount,Faible (D2025),2023,19834.0
Municipality,66032,Westmount,Faible (D2025),2024,20315.0
Municipality,66032,Westmount,Faible (D2025),2025,20005.0
Municipality,66032,Westmount,Faible (D2025),2026,19403.0
Municipality,66032,Westmount,Faible (D2025),2027,18671.0
Municipality,66032,Westmount,Faible (D2025),2028,18026.0
Municipality,66032,Westmount,Faible (D2025),2029,17474.0
Municipality,66032,Westmount,Faible (D2025),2030,17090.0
Municipality,66032,Westmount,Faible (D2025),2031,16825.0
Municipality,66032,Westmount,Faible (D2025),2032,16577.0
Municipality,66032,Westmount,Faible (D2025),2033,16337.0
Municipality,66032,Westmount,Faible (D2025),2034,16108.0
Municipality,66032,Westmount,Faible (D2025),2035,15916.0
Municipality,66032,Westmount,Faible (D2025),2036,15728.0
Municipality,66032,Westmount,Faible (D2025),2037,15533.0
Municipality,66032,Westmount,Faible (D2025),2038,15336.0
Municipality,66032,Westmount,Faible (D2025),2039,15135.0
Municipality,66032,Westmount,Faible (D2025),2040,14962.0
Municipality,66032,Westmount,Faible (D2025),2041,14785.0
Municipality,66047,Montréal-Ouest,Faible (D2025),2021,5128.0
Municipality,66047,Montréal-Ouest,Faible (D2025),2022,5123.0
Municipality,66047,Montréal-Ouest,Faible (D2025),2023,5210.0
Municipality,66047,Montréal-Ouest,Faible (D2025),2024,5363.0
Municipality,66047,Montréal-Ouest,Faible (D2025),2025,5303.0
Municipality,66047,Montréal-Ouest,Faible (D2025),2026,5162.0
Municipality,66047,Montréal-Ouest,Faible (D2025),2027,4981.0
Municipality,66047,Montréal-Ouest,Faible (D2025),2028,4824.0
Municipality,66047,Montréal-Ouest,Faible (D2025),2029,4687.0
Municipality,66047,Montréal-Ouest,Faible (D2025),2030,4596.0
Municipality,66047,Montréal-Ouest,Faible (D2025),2031,4546.0
Municipality,66047,Montréal-Ouest,Faible (D2025),2032,4497.0
Municipality,66047,Montréal-Ouest,Faible (D2025),2033,4451.0
Municipality,66047,Montréal-Ouest,Faible (D2025),2034,4410.0
Municipality,66047,Montréal-Ouest,Faible (D2025),2035,4375.0
Municipality,66047,Montréal-Ouest,Faible (D2025),2036,4341.0
Municipality,66047,Montréal-Ouest,Faible (D2025),2037,4310.0
Municipality,66047,Montréal-Ouest,Faible (D2025),2038,4276.0
Municipality,66047,Montréal-Ouest,Faible (D2025),2039,4244.0
Municipality,66047,Montréal-Ouest,Faible (D2025),2040,4213.0
Municipality,66047,Montréal-Ouest,Faible (D2025),2041,4183.0
Municipality,66058,Côte-Saint-Luc,Faible (D2025),2021,34474.0
Municipality,66058,Côte-Saint-Luc,Faible (D2025),2022,35163.0
Municipality,66058,Côte-Saint-Luc,Faible (D2025),2023,37087.0
Municipality,66058,Côte-Saint-Luc,Faible (D2025),2024,38303.0
Municipality,66058,Côte-Saint-Luc,Faible (D2025),2025,38328.0
Municipality,66058,Côte-Saint-Luc,Faible (D2025),2026,37758.0
Municipality,66058,Côte-Saint-Luc,Faible (D2025),2027,36870.0
Municipality,66058,Côte-Saint-Luc,Faible (D2025),2028,36094.0
Municipality,66058,Côte-Saint-Luc,Faible (D2025),2029,35473.0
Municipality,66058,Côte-Saint-Luc,Faible (D2025),2030,35135.0
Municipality,66058,Côte-Saint-Luc,Faible (D2025),2031,35039.0
Municipality,66058,Côte-Saint-Luc,Faible (D2025),2032,34967.0
Municipality,66058,Côte-Saint-Luc,Faible (D2025),2033,34917.0
Municipality,66058,Côte-Saint-Luc,Faible (D2025),2034,34894.0
Municipality,66058,Côte-Saint-Luc,Faible (D2025),2035,34908.0
Municipality,66058,Côte-Saint-Luc,Faible (D2025),2036,34939.0
Municipality,66058,Côte-Saint-Luc,Faible (D2025),2037,34951.0
Municipality,66058,Côte-Saint-Luc,Faible (D2025),2038,34959.0
Municipality,66058,Côte-Saint-Luc,Faible (D2025),2039,34951.0
Municipality,66058,Côte-Saint-Luc,Faible (D2025),2040,34964.0
Municipality,66058,Côte-Saint-Luc,Faible (D2025),2041,34963.0
Municipality,66062,Hampstead,Faible (D2025),2021,7054.0
Municipality,66062,Hampstead,Faible (D2025),2022,7011.0
Municipality,66062,Hampstead,Faible (D2025),2023,7360.0
Municipality,66062,Hampstead,Faible (D2025),2024,7565.0
Municipality,66062,Hampstead,Faible (D2025),2025,7479.0
Municipality,66062,Hampstead,Faible (D2025),2026,7268.0
Municipality,66062,Hampstead,Faible (D2025),2027,6998.0
Municipality,66062,Hampstead,Faible (D2025),2028,6756.0
Municipality,66062,Hampstead,Faible (D2025),2029,6556.0
Municipality,66062,Hampstead,Faible (D2025),2030,6434.0
Municipality,66062,Hampstead,Faible (D2025),2031,6365.0
Municipality,66062,Hampstead,Faible (D2025),2032,6302.0
Municipality,66062,Hampstead,Faible (D2025),2033,6241.0
Municipality,66062,Hampstead,Faible (D2025),2034,6186.0
Municipality,66062,Hampstead,Faible (D2025),2035,6154.0
Municipality,66062,Hampstead,Faible (D2025),2036,6132.0
Municipality,66062,Hampstead,Faible (D2025),2037,6101.0
Municipality,66062,Hampstead,Faible (D2025),2038,6074.0
Municipality,66062,Hampstead,Faible (D2025),2039,6045.0
Municipality,66062,Hampstead,Faible (D2025),2040,6027.0
Municipality,66062,Hampstead,Faible (D2025),2041,6011.0
Municipality,66072,Mont-Royal,Faible (D2025),2021,20939.0
Municipality,66072,Mont-Royal,Faible (D2025),2022,20645.0
Municipality,66072,Mont-Royal,Faible (D2025),2023,21534.0
Municipality,66072,Mont-Royal,Faible (D2025),2024,22358.0
Municipality,66072,Mont-Royal,Faible (D2025),2025,22147.0
Municipality,66072,Mont-Royal,Faible (D2025),2026,21589.0
Municipality,66072,Mont-Royal,Faible (D2025),2027,20865.0
Municipality,66072,Mont-Royal,Faible (D2025),2028,20217.0
Municipality,66072,Mont-Royal,Faible (D2025),2029,19678.0
Municipality,66072,Mont-Royal,Faible (D2025),2030,19320.0
Municipality,66072,Mont-Royal,Faible (D2025),2031,19118.0
Municipality,66072,Mont-Royal,Faible (D2025),2032,18934.0
Municipality,66072,Mont-Royal,Faible (D2025),2033,18760.0
Municipality,66072,Mont-Royal,Faible (D2025),2034,18602.0
Municipality,66072,Mont-Royal,Faible (D2025),2035,18484.0
Municipality,66072,Mont-Royal,Faible (D2025),2036,18381.0
Municipality,66072,Mont-Royal,Faible (D2025),2037,18277.0
Municipality,66072,Mont-Royal,Faible (D2025),2038,18167.0
Municipality,66072,Mont-Royal,Faible (D2025),2039,18052.0
Municipality,66072,Mont-Royal,Faible (D2025),2040,17958.0
Municipality,66072,Mont-Royal,Faible (D2025),2041,17864.0
Municipality,66087,Dorval,Faible (D2025),2021,19359.0
Municipality,66087,Dorval,Faible (D2025),2022,19675.0
Municipality,66087,Dorval,Faible (D2025),2023,20087.0
Municipality,66087,Dorval,Faible (D2025),2024,20730.0
Municipality,66087,Dorval,Faible (D2025),2025,20559.0
Municipality,66087,Dorval,Faible (D2025),2026,20078.0
Municipality,66087,Dorval,Faible (D2025),2027,19447.0
Municipality,66087,Dorval,Faible (D2025),2028,18901.0
Municipality,66087,Dorval,Faible (D2025),2029,18458.0
Municipality,66087,Dorval,Faible (D2025),2030,18166.0
Municipality,66087,Dorval,Faible (D2025),2031,18007.0
Municipality,66087,Dorval,Faible (D2025),2032,17866.0
Municipality,66087,Dorval,Faible (D2025),2033,17740.0
Municipality,66087,Dorval,Faible (D2025),2034,17634.0
Municipality,66087,Dorval,Faible (D2025),2035,17532.0
Municipality,66087,Dorval,Faible (D2025),2036,17444.0
Municipality,66087,Dorval,Faible (D2025),2037,17350.0
Municipality,66087,Dorval,Faible (D2025),2038,17253.0
Municipality,66087,Dorval,Faible (D2025),2039,17155.0
Municipality,66087,Dorval,Faible (D2025),2040,17042.0
Municipality,66087,Dorval,Faible (D2025),2041,16928.0
Municipality,66092,L'Île-Dorval,Faible (D2025),2021,10.0
Municipality,66092,L'Île-Dorval,Faible (D2025),2022,9.0
Municipality,66092,L'Île-Dorval,Faible (D2025),2023,9.0
Municipality,66092,L'Île-Dorval,Faible (D2025),2024,9.0
Municipality,66092,L'Île-Dorval,Faible (D2025),2025,9.0
Municipality,66092,L'Île-Dorval,Faible (D2025),2026,8.0
Municipality,66092,L'Île-Dorval,Faible (D2025),2027,8.0
Municipality,66092,L'Île-Dorval,Faible (D2025),2028,7.0
Municipality,66092,L'Île-Dorval,Faible (D2025),2029,7.0
Municipality,66092,L'Île-Dorval,Faible (D2025),2030,6.0
Municipality,66092,L'Île-Dorval,Faible (D2025),2031,7.0
Municipality,66092,L'Île-Dorval,Faible (D2025),2032,4.0
Municipality,66092,L'Île-Dorval,Faible (D2025),2033,6.0
Municipality,66092,L'Île-Dorval,Faible (D2025),2034,6.0
Municipality,66092,L'Île-Dorval,Faible (D2025),2035,6.0
Municipality,66092,L'Île-Dorval,Faible (D2025),2036,4.0
Municipality,66092,L'Île-Dorval,Faible (D2025),2037,4.0
Municipality,66092,L'Île-Dorval,Faible (D2025),2038,4.0
Municipality,66092,L'Île-Dorval,Faible (D2025),2039,4.0
Municipality,66092,L'Île-Dorval,Faible (D2025),2040,3.0
Municipality,66092,L'Île-Dorval,Faible (D2025),2041,3.0
Municipality,66097,Pointe-Claire,Faible (D2025),2021,33453.0
Municipality,66097,Pointe-Claire,Faible (D2025),2022,33851.0
Municipality,66097,Pointe-Claire,Faible (D2025),2023,35012.0
Municipality,66097,Pointe-Claire,Faible (D2025),2024,36194.0
Municipality,66097,Pointe-Claire,Faible (D2025),2025,36567.0
Municipality,66097,Pointe-Claire,Faible (D2025),2026,36418.0
Municipality,66097,Pointe-Claire,Faible (D2025),2027,36012.0
Municipality,66097,Pointe-Claire,Faible (D2025),2028,35728.0
Municipality,66097,Pointe-Claire,Faible (D2025),2029,35594.0
Municipality,66097,Pointe-Claire,Faible (D2025),2030,35224.0
Municipality,66097,Pointe-Claire,Faible (D2025),2031,35077.0
Municipality,66097,Pointe-Claire,Faible (D2025),2032,34956.0
Municipality,66097,Pointe-Claire,Faible (D2025),2033,34859.0
Municipality,66097,Pointe-Claire,Faible (D2025),2034,34794.0
Municipality,66097,Pointe-Claire,Faible (D2025),2035,34561.0
Municipality,66097,Pointe-Claire,Faible (D2025),2036,34343.0
Municipality,66097,Pointe-Claire,Faible (D2025),2037,34122.0
Municipality,66097,Pointe-Claire,Faible (D2025),2038,33895.0
Municipality,66097,Pointe-Claire,Faible (D2025),2039,33663.0
Municipality,66097,Pointe-Claire,Faible (D2025),2040,33367.0
Municipality,66097,Pointe-Claire,Faible (D2025),2041,33060.0
Municipality,66102,Kirkland,Faible (D2025),2021,19456.0
Municipality,66102,Kirkland,Faible (D2025),2022,19303.0
Municipality,66102,Kirkland,Faible (D2025),2023,19433.0
Municipality,66102,Kirkland,Faible (D2025),2024,19518.0
Municipality,66102,Kirkland,Faible (D2025),2025,19366.0
Municipality,66102,Kirkland,Faible (D2025),2026,18938.0
Municipality,66102,Kirkland,Faible (D2025),2027,18383.0
Municipality,66102,Kirkland,Faible (D2025),2028,17910.0
Municipality,66102,Kirkland,Faible (D2025),2029,17537.0
Municipality,66102,Kirkland,Faible (D2025),2030,17123.0
Municipality,66102,Kirkland,Faible (D2025),2031,16830.0
Municipality,66102,Kirkland,Faible (D2025),2032,16552.0
Municipality,66102,Kirkland,Faible (D2025),2033,16292.0
Municipality,66102,Kirkland,Faible (D2025),2034,16049.0
Municipality,66102,Kirkland,Faible (D2025),2035,15799.0
Municipality,66102,Kirkland,Faible (D2025),2036,15562.0
Municipality,66102,Kirkland,Faible (D2025),2037,15323.0
Municipality,66102,Kirkland,Faible (D2025),2038,15078.0
Municipality,66102,Kirkland,Faible (D2025),2039,14840.0
Municipality,66102,Kirkland,Faible (D2025),2040,14628.0
Municipality,66102,Kirkland,Faible (D2025),2041,14417.0
Municipality,66107,Beaconsfield,Faible (D2025),2021,19294.0
Municipality,66107,Beaconsfield,Faible (D2025),2022,19013.0
Municipality,66107,Beaconsfield,Faible (D2025),2023,19173.0
Municipality,66107,Beaconsfield,Faible (D2025),2024,19356.0
Municipality,66107,Beaconsfield,Faible (D2025),2025,19270.0
Municipality,66107,Beaconsfield,Faible (D2025),2026,18898.0
Municipality,66107,Beaconsfield,Faible (D2025),2027,18389.0
Municipality,66107,Beaconsfield,Faible (D2025),2028,17948.0
Municipality,66107,Beaconsfield,Faible (D2025),2029,17596.0
Municipality,66107,Beaconsfield,Faible (D2025),2030,17225.0
Municipality,66107,Beaconsfield,Faible (D2025),2031,16975.0
Municipality,66107,Beaconsfield,Faible (D2025),2032,16735.0
Municipality,66107,Beaconsfield,Faible (D2025),2033,16510.0
Municipality,66107,Beaconsfield,Faible (D2025),2034,16298.0
Municipality,66107,Beaconsfield,Faible (D2025),2035,16089.0
Municipality,66107,Beaconsfield,Faible (D2025),2036,15888.0
Municipality,66107,Beaconsfield,Faible (D2025),2037,15689.0
Municipality,66107,Beaconsfield,Faible (D2025),2038,15483.0
Municipality,66107,Beaconsfield,Faible (D2025),2039,15276.0
Municipality,66107,Beaconsfield,Faible (D2025),2040,15115.0
Municipality,66107,Beaconsfield,Faible (D2025),2041,14954.0
Municipality,66112,Baie-D'Urfé,Faible (D2025),2021,3771.0
Municipality,66112,Baie-D'Urfé,Faible (D2025),2022,3714.0
Municipality,66112,Baie-D'Urfé,Faible (D2025),2023,3704.0
Municipality,66112,Baie-D'Urfé,Faible (D2025),2024,3707.0
Municipality,66112,Baie-D'Urfé,Faible (D2025),2025,3680.0
Municipality,66112,Baie-D'Urfé,Faible (D2025),2026,3599.0
Municipality,66112,Baie-D'Urfé,Faible (D2025),2027,3494.0
Municipality,66112,Baie-D'Urfé,Faible (D2025),2028,3404.0
Municipality,66112,Baie-D'Urfé,Faible (D2025),2029,3328.0
Municipality,66112,Baie-D'Urfé,Faible (D2025),2030,3254.0
Municipality,66112,Baie-D'Urfé,Faible (D2025),2031,3204.0
Municipality,66112,Baie-D'Urfé,Faible (D2025),2032,3152.0
Municipality,66112,Baie-D'Urfé,Faible (D2025),2033,3104.0
Municipality,66112,Baie-D'Urfé,Faible (D2025),2034,3058.0
Municipality,66112,Baie-D'Urfé,Faible (D2025),2035,3014.0
Municipality,66112,Baie-D'Urfé,Faible (D2025),2036,2975.0
Municipality,66112,Baie-D'Urfé,Faible (D2025),2037,2932.0
Municipality,66112,Baie-D'Urfé,Faible (D2025),2038,2889.0
Municipality,66112,Baie-D'Urfé,Faible (D2025),2039,2844.0
Municipality,66112,Baie-D'Urfé,Faible (D2025),2040,2811.0
Municipality,66112,Baie-D'Urfé,Faible (D2025),2041,2775.0
Municipality,66117,Sainte-Anne-de-Bellevue,Faible (D2025),2021,5063.0
Municipality,66117,Sainte-Anne-de-Bellevue,Faible (D2025),2022,5104.0
Municipality,66117,Sainte-Anne-de-Bellevue,Faible (D2025),2023,5320.0
Municipality,66117,Sainte-Anne-de-Bellevue,Faible (D2025),2024,5487.0
Municipality,66117,Sainte-Anne-de-Bellevue,Faible (D2025),2025,5508.0
Municipality,66117,Sainte-Anne-de-Bellevue,Faible (D2025),2026,5446.0
Municipality,66117,Sainte-Anne-de-Bellevue,Faible (D2025),2027,5341.0
Municipality,66117,Sainte-Anne-de-Bellevue,Faible (D2025),2028,5260.0
Municipality,66117,Sainte-Anne-de-Bellevue,Faible (D2025),2029,5206.0
Municipality,66117,Sainte-Anne-de-Bellevue,Faible (D2025),2030,5142.0
Municipality,66117,Sainte-Anne-de-Bellevue,Faible (D2025),2031,5117.0
Municipality,66117,Sainte-Anne-de-Bellevue,Faible (D2025),2032,5097.0
Municipality,66117,Sainte-Anne-de-Bellevue,Faible (D2025),2033,5077.0
Municipality,66117,Sainte-Anne-de-Bellevue,Faible (D2025),2034,5062.0
Municipality,66117,Sainte-Anne-de-Bellevue,Faible (D2025),2035,5033.0
Municipality,66117,Sainte-Anne-de-Bellevue,Faible (D2025),2036,5006.0
Municipality,66117,Sainte-Anne-de-Bellevue,Faible (D2025),2037,4975.0
Municipality,66117,Sainte-Anne-de-Bellevue,Faible (D2025),2038,4949.0
Municipality,66117,Sainte-Anne-de-Bellevue,Faible (D2025),2039,4918.0
Municipality,66117,Sainte-Anne-de-Bellevue,Faible (D2025),2040,4877.0
Municipality,66117,Sainte-Anne-de-Bellevue,Faible (D2025),2041,4838.0
Municipality,66127,Senneville,Faible (D2025),2021,955.0
Municipality,66127,Senneville,Faible (D2025),2022,968.0
Municipality,66127,Senneville,Faible (D2025),2023,1008.0
Municipality,66127,Senneville,Faible (D2025),2024,1022.0
Municipality,66127,Senneville,Faible (D2025),2025,1019.0
Municipality,66127,Senneville,Faible (D2025),2026,1003.0
Municipality,66127,Senneville,Faible (D2025),2027,979.0
Municipality,66127,Senneville,Faible (D2025),2028,955.0
Municipality,66127,Senneville,Faible (D2025),2029,939.0
Municipality,66127,Senneville,Faible (D2025),2030,921.0
Municipality,66127,Senneville,Faible (D2025),2031,911.0
Municipality,66127,Senneville,Faible (D2025),2032,901.0
Municipality,66127,Senneville,Faible (D2025),2033,891.0
Municipality,66127,Senneville,Faible (D2025),2034,884.0
Municipality,66127,Senneville,Faible (D2025),2035,874.0
Municipality,66127,Senneville,Faible (D2025),2036,862.0
Municipality,66127,Senneville,Faible (D2025),2037,857.0
Municipality,66127,Senneville,Faible (D2025),2038,846.0
Municipality,66127,Senneville,Faible (D2025),2039,834.0
Municipality,66127,Senneville,Faible (D2025),2040,828.0
Municipality,66127,Senneville,Faible (D2025),2041,821.0
Municipality,66142,Dollard-des-Ormeaux,Faible (D2025),2021,48492.0
Municipality,66142,Dollard-des-Ormeaux,Faible (D2025),2022,48622.0
Municipality,66142,Dollard-des-Ormeaux,Faible (D2025),2023,49578.0
Municipality,66142,Dollard-des-Ormeaux,Faible (D2025),2024,50611.0
Municipality,66142,Dollard-des-Ormeaux,Faible (D2025),2025,50279.0
Municipality,66142,Dollard-des-Ormeaux,Faible (D2025),2026,49180.0
Municipality,66142,Dollard-des-Ormeaux,Faible (D2025),2027,47721.0
Municipality,66142,Dollard-des-Ormeaux,Faible (D2025),2028,46467.0
Municipality,66142,Dollard-des-Ormeaux,Faible (D2025),2029,45462.0
Municipality,66142,Dollard-des-Ormeaux,Faible (D2025),2030,44487.0
Municipality,66142,Dollard-des-Ormeaux,Faible (D2025),2031,43834.0
Municipality,66142,Dollard-des-Ormeaux,Faible (D2025),2032,43218.0
Municipality,66142,Dollard-des-Ormeaux,Faible (D2025),2033,42644.0
Municipality,66142,Dollard-des-Ormeaux,Faible (D2025),2034,42113.0
Municipality,66142,Dollard-des-Ormeaux,Faible (D2025),2035,41539.0
Municipality,66142,Dollard-des-Ormeaux,Faible (D2025),2036,40993.0
Municipality,66142,Dollard-des-Ormeaux,Faible (D2025),2037,40443.0
Municipality,66142,Dollard-des-Ormeaux,Faible (D2025),2038,39887.0
Municipality,66142,Dollard-des-Ormeaux,Faible (D2025),2039,39329.0
Municipality,66142,Dollard-des-Ormeaux,Faible (D2025),2040,38807.0
Municipality,66142,Dollard-des-Ormeaux,Faible (D2025),2041,38276.0
Municipality,66007,Montréal-Est,Fort (E2025),2021,4434.0
Municipality,66007,Montréal-Est,Fort (E2025),2022,4587.0
Municipality,66007,Montréal-Est,Fort (E2025),2023,4728.0
Municipality,66007,Montréal-Est,Fort (E2025),2024,4910.0
Municipality,66007,Montréal-Est,Fort (E2025),2025,4995.0
Municipality,66007,Montréal-Est,Fort (E2025),2026,5028.0
Municipality,66007,Montréal-Est,Fort (E2025),2027,5015.0
Municipality,66007,Montréal-Est,Fort (E2025),2028,5004.0
Municipality,66007,Montréal-Est,Fort (E2025),2029,5017.0
Municipality,66007,Montréal-Est,Fort (E2025),2030,5057.0
Municipality,66007,Montréal-Est,Fort (E2025),2031,5117.0
Municipality,66007,Montréal-Est,Fort (E2025),2032,5182.0
Municipality,66007,Montréal-Est,Fort (E2025),2033,5246.0
Municipality,66007,Montréal-Est,Fort (E2025),2034,5315.0
Municipality,66007,Montréal-Est,Fort (E2025),2035,5383.0
Municipality,66007,Montréal-Est,Fort (E2025),2036,5452.0
Municipality,66007,Montréal-Est,Fort (E2025),2037,5522.0
Municipality,66007,Montréal-Est,Fort (E2025),2038,5593.0
Municipality,66007,Montréal-Est,Fort (E2025),2039,5665.0
Municipality,66007,Montréal-Est,Fort (E2025),2040,5737.0
Municipality,66007,Montréal-Est,Fort (E2025),2041,5812.0
Municipality,66032,Westmount,Fort (E2025),2021,19581.0
Municipality,66032,Westmount,Fort (E2025),2022,19235.0
Municipality,66032,Westmount,Fort (E2025),2023,19834.0
Municipality,66032,Westmount,Fort (E2025),2024,20315.0
Municipality,66032,Westmount,Fort (E2025),2025,20252.0
Municipality,66032,Westmount,Fort (E2025),2026,20006.0
Municipality,66032,Westmount,Fort (E2025),2027,19610.0
Municipality,66032,Westmount,Fort (E2025),2028,19231.0
Municipality,66032,Westmount,Fort (E2025),2029,18929.0
Municipality,66032,Westmount,Fort (E2025),2030,18734.0
Municipality,66032,Westmount,Fort (E2025),2031,18603.0
Municipality,66032,Westmount,Fort (E2025),2032,18478.0
Municipality,66032,Westmount,Fort (E2025),2033,18350.0
Municipality,66032,Westmount,Fort (E2025),2034,18223.0
Municipality,66032,Westmount,Fort (E2025),2035,18124.0
Municipality,66032,Westmount,Fort (E2025),2036,18021.0
Municipality,66032,Westmount,Fort (E2025),2037,17915.0
Municipality,66032,Westmount,Fort (E2025),2038,17800.0
Municipality,66032,Westmount,Fort (E2025),2039,17686.0
Municipality,66032,Westmount,Fort (E2025),2040,17614.0
Municipality,66032,Westmount,Fort (E2025),2041,17537.0
Municipality,66047,Montréal-Ouest,Fort (E2025),2021,5128.0
Municipality,66047,Montréal-Ouest,Fort (E2025),2022,5123.0
Municipality,66047,Montréal-Ouest,Fort (E2025),2023,5210.0
Municipality,66047,Montréal-Ouest,Fort (E2025),2024,5363.0
Municipality,66047,Montréal-Ouest,Fort (E2025),2025,5373.0
Municipality,66047,Montréal-Ouest,Fort (E2025),2026,5335.0
Municipality,66047,Montréal-Ouest,Fort (E2025),2027,5253.0
Municipality,66047,Montréal-Ouest,Fort (E2025),2028,5171.0
Municipality,66047,Montréal-Ouest,Fort (E2025),2029,5113.0
Municipality,66047,Montréal-Ouest,Fort (E2025),2030,5082.0
Municipality,66047,Montréal-Ouest,Fort (E2025),2031,5070.0
Municipality,66047,Montréal-Ouest,Fort (E2025),2032,5061.0
Municipality,66047,Montréal-Ouest,Fort (E2025),2033,5052.0
Municipality,66047,Montréal-Ouest,Fort (E2025),2034,5040.0
Municipality,66047,Montréal-Ouest,Fort (E2025),2035,5037.0
Municipality,66047,Montréal-Ouest,Fort (E2025),2036,5028.0
Municipality,66047,Montréal-Ouest,Fort (E2025),2037,5021.0
Municipality,66047,Montréal-Ouest,Fort (E2025),2038,5017.0
Municipality,66047,Montréal-Ouest,Fort (E2025),2039,5013.0
Municipality,66047,Montréal-Ouest,Fort (E2025),2040,5010.0
Municipality,66047,Montréal-Ouest,Fort (E2025),2041,5012.0
Municipality,66058,Côte-Saint-Luc,Fort (E2025),2021,34474.0
Municipality,66058,Côte-Saint-Luc,Fort (E2025),2022,35163.0
Municipality,66058,Côte-Saint-Luc,Fort (E2025),2023,37087.0
Municipality,66058,Côte-Saint-Luc,Fort (E2025),2024,38303.0
Municipality,66058,Côte-Saint-Luc,Fort (E2025),2025,38824.0
Municipality,66058,Côte-Saint-Luc,Fort (E2025),2026,38984.0
Municipality,66058,Côte-Saint-Luc,Fort (E2025),2027,38829.0
Municipality,66058,Côte-Saint-Luc,Fort (E2025),2028,38680.0
Municipality,66058,Côte-Saint-Luc,Fort (E2025),2029,38664.0
Municipality,66058,Côte-Saint-Luc,Fort (E2025),2030,38814.0
Municipality,66058,Côte-Saint-Luc,Fort (E2025),2031,39108.0
Municipality,66058,Côte-Saint-Luc,Fort (E2025),2032,39406.0
Municipality,66058,Côte-Saint-Luc,Fort (E2025),2033,39704.0
Municipality,66058,Côte-Saint-Luc,Fort (E2025),2034,40003.0
Municipality,66058,Côte-Saint-Luc,Fort (E2025),2035,40330.0
Municipality,66058,Côte-Saint-Luc,Fort (E2025),2036,40646.0
Municipality,66058,Côte-Saint-Luc,Fort (E2025),2037,40954.0
Municipality,66058,Côte-Saint-Luc,Fort (E2025),2038,41259.0
Municipality,66058,Côte-Saint-Luc,Fort (E2025),2039,41560.0
Municipality,66058,Côte-Saint-Luc,Fort (E2025),2040,41899.0
Municipality,66058,Côte-Saint-Luc,Fort (E2025),2041,42232.0
Municipality,66062,Hampstead,Fort (E2025),2021,7054.0
Municipality,66062,Hampstead,Fort (E2025),2022,7011.0
Municipality,66062,Hampstead,Fort (E2025),2023,7360.0
Municipality,66062,Hampstead,Fort (E2025),2024,7565.0
Municipality,66062,Hampstead,Fort (E2025),2025,7582.0
Municipality,66062,Hampstead,Fort (E2025),2026,7523.0
Municipality,66062,Hampstead,Fort (E2025),2027,7401.0
Municipality,66062,Hampstead,Fort (E2025),2028,7281.0
Municipality,66062,Hampstead,Fort (E2025),2029,7191.0
Municipality,66062,Hampstead,Fort (E2025),2030,7156.0
Municipality,66062,Hampstead,Fort (E2025),2031,7155.0
Municipality,66062,Hampstead,Fort (E2025),2032,7152.0
Municipality,66062,Hampstead,Fort (E2025),2033,7146.0
Municipality,66062,Hampstead,Fort (E2025),2034,7144.0
Municipality,66062,Hampstead,Fort (E2025),2035,7161.0
Municipality,66062,Hampstead,Fort (E2025),2036,7182.0
Municipality,66062,Hampstead,Fort (E2025),2037,7197.0
Municipality,66062,Hampstead,Fort (E2025),2038,7215.0
Municipality,66062,Hampstead,Fort (E2025),2039,7231.0
Municipality,66062,Hampstead,Fort (E2025),2040,7267.0
Municipality,66062,Hampstead,Fort (E2025),2041,7304.0
Municipality,66072,Mont-Royal,Fort (E2025),2021,20939.0
Municipality,66072,Mont-Royal,Fort (E2025),2022,20645.0
Municipality,66072,Mont-Royal,Fort (E2025),2023,21534.0
Municipality,66072,Mont-Royal,Fort (E2025),2024,22358.0
Municipality,66072,Mont-Royal,Fort (E2025),2025,22434.0
Municipality,66072,Mont-Royal,Fort (E2025),2026,22306.0
Municipality,66072,Mont-Royal,Fort (E2025),2027,21986.0
Municipality,66072,Mont-Royal,Fort (E2025),2028,21671.0
Municipality,66072,Mont-Royal,Fort (E2025),2029,21444.0
Municipality,66072,Mont-Royal,Fort (E2025),2030,21326.0
Municipality,66072,Mont-Royal,Fort (E2025),2031,21304.0
Municipality,66072,Mont-Royal,Fort (E2025),2032,21279.0
Municipality,66072,Mont-Royal,Fort (E2025),2033,21256.0
Municipality,66072,Mont-Royal,Fort (E2025),2034,21234.0
Municipality,66072,Mont-Royal,Fort (E2025),2035,21249.0
Municipality,66072,Mont-Royal,Fort (E2025),2036,21266.0
Municipality,66072,Mont-Royal,Fort (E2025),2037,21284.0
Municipality,66072,Mont-Royal,Fort (E2025),2038,21301.0
Municipality,66072,Mont-Royal,Fort (E2025),2039,21317.0
Municipality,66072,Mont-Royal,Fort (E2025),2040,21365.0
Municipality,66072,Mont-Royal,Fort (E2025),2041,21410.0
Municipality,66087,Dorval,Fort (E2025),2021,19359.0
Municipality,66087,Dorval,Fort (E2025),2022,19675.0
Municipality,66087,Dorval,Fort (E2025),2023,20087.0
Municipality,66087,Dorval,Fort (E2025),2024,20730.0
Municipality,66087,Dorval,Fort (E2025),2025,20830.0
Municipality,66087,Dorval,Fort (E2025),2026,20734.0
Municipality,66087,Dorval,Fort (E2025),2027,20477.0
Municipality,66087,Dorval,Fort (E2025),2028,20234.0
Municipality,66087,Dorval,Fort (E2025),2029,20078.0
Municipality,66087,Dorval,Fort (E2025),2030,20000.0
Municipality,66087,Dorval,Fort (E2025),2031,20000.0
Municipality,66087,Dorval,Fort (E2025),2032,20004.0
Municipality,66087,Dorval,Fort (E2025),2033,20014.0
Municipality,66087,Dorval,Fort (E2025),2034,20027.0
Municipality,66087,Dorval,Fort (E2025),2035,20034.0
Municipality,66087,Dorval,Fort (E2025),2036,20043.0
Municipality,66087,Dorval,Fort (E2025),2037,20050.0
Municipality,66087,Dorval,Fort (E2025),2038,20060.0
Municipality,66087,Dorval,Fort (E2025),2039,20068.0
Municipality,66087,Dorval,Fort (E2025),2040,20073.0
Municipality,66087,Dorval,Fort (E2025),2041,20081.0
Municipality,66092,L'Île-Dorval,Fort (E2025),2021,10.0
Municipality,66092,L'Île-Dorval,Fort (E2025),2022,9.0
Municipality,66092,L'Île-Dorval,Fort (E2025),2023,9.0
Municipality,66092,L'Île-Dorval,Fort (E2025),2024,9.0
Municipality,66092,L'Île-Dorval,Fort (E2025),2025,9.0
Municipality,66092,L'Île-Dorval,Fort (E2025),2026,8.0
Municipality,66092,L'Île-Dorval,Fort (E2025),2027,8.0
Municipality,66092,L'Île-Dorval,Fort (E2025),2028,7.0
Municipality,66092,L'Île-Dorval,Fort (E2025),2029,7.0
Municipality,66092,L'Île-Dorval,Fort (E2025),2030,6.0
Municipality,66092,L'Île-Dorval,Fort (E2025),2031,7.0
Municipality,66092,L'Île-Dorval,Fort (E2025),2032,6.0
Municipality,66092,L'Île-Dorval,Fort (E2025),2033,6.0
Municipality,66092,L'Île-Dorval,Fort (E2025),2034,7.0
Municipality,66092,L'Île-Dorval,Fort (E2025),2035,6.0
Municipality,66092,L'Île-Dorval,Fort (E2025),2036,4.0
Municipality,66092,L'Île-Dorval,Fort (E2025),2037,4.0
Municipality,66092,L'Île-Dorval,Fort (E2025),2038,4.0
Municipality,66092,L'Île-Dorval,Fort (E2025),2039,4.0
Municipality,66092,L'Île-Dorval,Fort (E2025),2040,4.0
Municipality,66092,L'Île-Dorval,Fort (E2025),2041,3.0
Municipality,66097,Pointe-Claire,Fort (E2025),2021,33453.0
Municipality,66097,Pointe-Claire,Fort (E2025),2022,33851.0
Municipality,66097,Pointe-Claire,Fort (E2025),2023,35012.0
Municipality,66097,Pointe-Claire,Fort (E2025),2024,36194.0
Municipality,66097,Pointe-Claire,Fort (E2025),2025,36876.0
Municipality,66097,Pointe-Claire,Fort (E2025),2026,37253.0
Municipality,66097,Pointe-Claire,Fort (E2025),2027,37371.0
Municipality,66097,Pointe-Claire,Fort (E2025),2028,37526.0
Municipality,66097,Pointe-Claire,Fort (E2025),2029,37817.0
Municipality,66097,Pointe-Claire,Fort (E2025),2030,37970.0
Municipality,66097,Pointe-Claire,Fort (E2025),2031,38253.0
Municipality,66097,Pointe-Claire,Fort (E2025),2032,38547.0
Municipality,66097,Pointe-Claire,Fort (E2025),2033,38850.0
Municipality,66097,Pointe-Claire,Fort (E2025),2034,39163.0
Municipality,66097,Pointe-Claire,Fort (E2025),2035,39357.0
Municipality,66097,Pointe-Claire,Fort (E2025),2036,39546.0
Municipality,66097,Pointe-Claire,Fort (E2025),2037,39746.0
Municipality,66097,Pointe-Claire,Fort (E2025),2038,39949.0
Municipality,66097,Pointe-Claire,Fort (E2025),2039,40158.0
Municipality,66097,Pointe-Claire,Fort (E2025),2040,40288.0
Municipality,66097,Pointe-Claire,Fort (E2025),2041,40414.0
Municipality,66102,Kirkland,Fort (E2025),2021,19456.0
Municipality,66102,Kirkland,Fort (E2025),2022,19303.0
Municipality,66102,Kirkland,Fort (E2025),2023,19433.0
Municipality,66102,Kirkland,Fort (E2025),2024,19518.0
Municipality,66102,Kirkland,Fort (E2025),2025,19533.0
Municipality,66102,Kirkland,Fort (E2025),2026,19374.0
Municipality,66102,Kirkland,Fort (E2025),2027,19078.0
Municipality,66102,Kirkland,Fort (E2025),2028,18801.0
Municipality,66102,Kirkland,Fort (E2025),2029,18606.0
Municipality,66102,Kirkland,Fort (E2025),2030,18427.0
Municipality,66102,Kirkland,Fort (E2025),2031,18316.0
Municipality,66102,Kirkland,Fort (E2025),2032,18207.0
Municipality,66102,Kirkland,Fort (E2025),2033,18103.0
Municipality,66102,Kirkland,Fort (E2025),2034,18010.0
Municipality,66102,Kirkland,Fort (E2025),2035,17932.0
Municipality,66102,Kirkland,Fort (E2025),2036,17856.0
Municipality,66102,Kirkland,Fort (E2025),2037,17780.0
Municipality,66102,Kirkland,Fort (E2025),2038,17712.0
Municipality,66102,Kirkland,Fort (E2025),2039,17649.0
Municipality,66102,Kirkland,Fort (E2025),2040,17609.0
Municipality,66102,Kirkland,Fort (E2025),2041,17571.0
Municipality,66107,Beaconsfield,Fort (E2025),2021,19294.0
Municipality,66107,Beaconsfield,Fort (E2025),2022,19013.0
Municipality,66107,Beaconsfield,Fort (E2025),2023,19173.0
Municipality,66107,Beaconsfield,Fort (E2025),2024,19356.0
Municipality,66107,Beaconsfield,Fort (E2025),2025,19435.0
Municipality,66107,Beaconsfield,Fort (E2025),2026,19341.0
Municipality,66107,Beaconsfield,Fort (E2025),2027,19099.0
Municipality,66107,Beaconsfield,Fort (E2025),2028,18867.0
Municipality,66107,Beaconsfield,Fort (E2025),2029,18714.0
Municipality,66107,Beaconsfield,Fort (E2025),2030,18593.0
Municipality,66107,Beaconsfield,Fort (E2025),2031,18542.0
Municipality,66107,Beaconsfield,Fort (E2025),2032,18491.0
Municipality,66107,Beaconsfield,Fort (E2025),2033,18440.0
Municipality,66107,Beaconsfield,Fort (E2025),2034,18392.0
Municipality,66107,Beaconsfield,Fort (E2025),2035,18377.0
Municipality,66107,Beaconsfield,Fort (E2025),2036,18364.0
Municipality,66107,Beaconsfield,Fort (E2025),2037,18354.0
Municipality,66107,Beaconsfield,Fort (E2025),2038,18341.0
Municipality,66107,Beaconsfield,Fort (E2025),2039,18330.0
Municipality,66107,Beaconsfield,Fort (E2025),2040,18369.0
Municipality,66107,Beaconsfield,Fort (E2025),2041,18409.0
Municipality,66112,Baie-D'Urfé,Fort (E2025),2021,3771.0
Municipality,66112,Baie-D'Urfé,Fort (E2025),2022,3714.0
Municipality,66112,Baie-D'Urfé,Fort (E2025),2023,3704.0
Municipality,66112,Baie-D'Urfé,Fort (E2025),2024,3707.0
Municipality,66112,Baie-D'Urfé,Fort (E2025),2025,3712.0
Municipality,66112,Baie-D'Urfé,Fort (E2025),2026,3678.0
Municipality,66112,Baie-D'Urfé,Fort (E2025),2027,3623.0
Municipality,66112,Baie-D'Urfé,Fort (E2025),2028,3570.0
Municipality,66112,Baie-D'Urfé,Fort (E2025),2029,3528.0
Municipality,66112,Baie-D'Urfé,Fort (E2025),2030,3499.0
Municipality,66112,Baie-D'Urfé,Fort (E2025),2031,3481.0
Municipality,66112,Baie-D'Urfé,Fort (E2025),2032,3465.0
Municipality,66112,Baie-D'Urfé,Fort (E2025),2033,3451.0
Municipality,66112,Baie-D'Urfé,Fort (E2025),2034,3434.0
Municipality,66112,Baie-D'Urfé,Fort (E2025),2035,3426.0
Municipality,66112,Baie-D'Urfé,Fort (E2025),2036,3420.0
Municipality,66112,Baie-D'Urfé,Fort (E2025),2037,3415.0
Municipality,66112,Baie-D'Urfé,Fort (E2025),2038,3409.0
Municipality,66112,Baie-D'Urfé,Fort (E2025),2039,3403.0
Municipality,66112,Baie-D'Urfé,Fort (E2025),2040,3401.0
Municipality,66112,Baie-D'Urfé,Fort (E2025),2041,3400.0
Municipality,66117,Sainte-Anne-de-Bellevue,Fort (E2025),2021,5063.0
Municipality,66117,Sainte-Anne-de-Bellevue,Fort (E2025),2022,5104.0
Municipality,66117,Sainte-Anne-de-Bellevue,Fort (E2025),2023,5320.0
Municipality,66117,Sainte-Anne-de-Bellevue,Fort (E2025),2024,5487.0
Municipality,66117,Sainte-Anne-de-Bellevue,Fort (E2025),2025,5560.0
Municipality,66117,Sainte-Anne-de-Bellevue,Fort (E2025),2026,5580.0
Municipality,66117,Sainte-Anne-de-Bellevue,Fort (E2025),2027,5561.0
Municipality,66117,Sainte-Anne-de-Bellevue,Fort (E2025),2028,5546.0
Municipality,66117,Sainte-Anne-de-Bellevue,Fort (E2025),2029,5556.0
Municipality,66117,Sainte-Anne-de-Bellevue,Fort (E2025),2030,5575.0
Municipality,66117,Sainte-Anne-de-Bellevue,Fort (E2025),2031,5615.0
Municipality,66117,Sainte-Anne-de-Bellevue,Fort (E2025),2032,5661.0
Municipality,66117,Sainte-Anne-de-Bellevue,Fort (E2025),2033,5706.0
Municipality,66117,Sainte-Anne-de-Bellevue,Fort (E2025),2034,5749.0
Municipality,66117,Sainte-Anne-de-Bellevue,Fort (E2025),2035,5785.0
Municipality,66117,Sainte-Anne-de-Bellevue,Fort (E2025),2036,5818.0
Municipality,66117,Sainte-Anne-de-Bellevue,Fort (E2025),2037,5856.0
Municipality,66117,Sainte-Anne-de-Bellevue,Fort (E2025),2038,5894.0
Municipality,66117,Sainte-Anne-de-Bellevue,Fort (E2025),2039,5928.0
Municipality,66117,Sainte-Anne-de-Bellevue,Fort (E2025),2040,5952.0
Municipality,66117,Sainte-Anne-de-Bellevue,Fort (E2025),2041,5979.0
Municipality,66127,Senneville,Fort (E2025),2021,955.0
Municipality,66127,Senneville,Fort (E2025),2022,968.0
Municipality,66127,Senneville,Fort (E2025),2023,1008.0
Municipality,66127,Senneville,Fort (E2025),2024,1022.0
Municipality,66127,Senneville,Fort (E2025),2025,1029.0
Municipality,66127,Senneville,Fort (E2025),2026,1026.0
Municipality,66127,Senneville,Fort (E2025),2027,1016.0
Municipality,66127,Senneville,Fort (E2025),2028,1003.0
Municipality,66127,Senneville,Fort (E2025),2029,996.0
Municipality,66127,Senneville,Fort (E2025),2030,992.0
Municipality,66127,Senneville,Fort (E2025),2031,990.0
Municipality,66127,Senneville,Fort (E2025),2032,989.0
Municipality,66127,Senneville,Fort (E2025),2033,989.0
Municipality,66127,Senneville,Fort (E2025),2034,985.0
Municipality,66127,Senneville,Fort (E2025),2035,987.0
Municipality,66127,Senneville,Fort (E2025),2036,992.0
Municipality,66127,Senneville,Fort (E2025),2037,991.0
Municipality,66127,Senneville,Fort (E2025),2038,995.0
Municipality,66127,Senneville,Fort (E2025),2039,994.0
Municipality,66127,Senneville,Fort (E2025),2040,999.0
Municipality,66127,Senneville,Fort (E2025),2041,1005.0
Municipality,66142,Dollard-des-Ormeaux,Fort (E2025),2021,48492.0
Municipality,66142,Dollard-des-Ormeaux,Fort (E2025),2022,48622.0
Municipality,66142,Dollard-des-Ormeaux,Fort (E2025),2023,49578.0
Municipality,66142,Dollard-des-Ormeaux,Fort (E2025),2024,50611.0
Municipality,66142,Dollard-des-Ormeaux,Fort (E2025),2025,50763.0
Municipality,66142,Dollard-des-Ormeaux,Fort (E2025),2026,50444.0
Municipality,66142,Dollard-des-Ormeaux,Fort (E2025),2027,49736.0
Municipality,66142,Dollard-des-Ormeaux,Fort (E2025),2028,49074.0
Municipality,66142,Dollard-des-Ormeaux,Fort (E2025),2029,48625.0
Municipality,66142,Dollard-des-Ormeaux,Fort (E2025),2030,48323.0
Municipality,66142,Dollard-des-Ormeaux,Fort (E2025),2031,48197.0
Municipality,66142,Dollard-des-Ormeaux,Fort (E2025),2032,48080.0
Municipality,66142,Dollard-des-Ormeaux,Fort (E2025),2033,47960.0
Municipality,66142,Dollard-des-Ormeaux,Fort (E2025),2034,47859.0
Municipality,66142,Dollard-des-Ormeaux,Fort (E2025),2035,47777.0
Municipality,66142,Dollard-des-Ormeaux,Fort (E2025),2036,47688.0
Municipality,66142,Dollard-des-Ormeaux,Fort (E2025),2037,47598.0
Municipality,66142,Dollard-des-Ormeaux,Fort (E2025),2038,47511.0
Municipality,66142,Dollard-des-Ormeaux,Fort (E2025),2039,47428.0
Municipality,66142,Dollard-des-Ormeaux,Fort (E2025),2040,47380.0
Municipality,66142,Dollard-des-Ormeaux,Fort (E2025),2041,47330.0
